,SnapId,StartTime,EndTime,2080020,2080021,2080022,2080023,2080024,2080025,2080026,2080027,2080028,2080029,2080030,2080031,2080032,2080033,2080034,2080040,2080041,2080042,2080043,2080044,2080045,2080046,2080047,2080048,2080049,2080050,2080051,2080052,2080053,2080054,2080055,2080056,2080057,2080058,2080059,2080060,2080061,2080062,2080063,2080064,2080065,LoadScore,LoadLevel,PerfScore,PerfLevel
0,30006,2017-07-20 01:00:35,2017-07-20 02:00:06 ,117434,1615,0,0,10.9,25,106.8,.7,.1,.1,0,102.8,5.2,1.1,0,.1,0,0,0,0,0,1,5,4,28.8,99.73,100,99.79,88.29,99.88,28.69,99.48,15.31,6.86,17.39,null,39.57,22.27,26.86,22.22,0,60,C,83,B
1,30007,2017-07-20 02:00:06,2017-07-20 03:00:44 ,20978.8,349.2,0,0,6.8,12.8,25.8,.6,.1,.1,0,22,3.7,1,0,0,0,0,0,0,0,0,3,19,47.3,99.88,100,99.26,87.29,99.74,47.83,98.57,44.09,10.01,.78,null,18.5,20.87,11.65,20.83,0,58,C,83,B
2,30008,2017-07-20 03:00:44,2017-07-20 04:00:06 ,15051.5,314,0,0,6.7,12.1,27.1,.9,.1,.1,0,22.2,3.6,1,0,0,0,0,0,0,0,0,3,17,48.8,99.91,100,99.32,92.73,99.76,45.05,98.93,45.06,11.22,35.01,null,11.56,8.69,9.52,35,0,58,C,83,B
3,30009,2017-07-20 04:00:06,2017-07-20 05:00:35 ,115461.6,1706,0,0,11.6,19.9,97.3,.6,.1,.1,0,93.2,4.8,1.1,0,.1,0,0,0,0,0,0,4,20,34.1,99.71,100,99.87,91.53,99.88,35.65,99.42,19.59,7.32,7.17,null,43.87,23.44,26.85,30.43,0,60,C,82,B
4,30010,2017-07-20 05:00:35,2017-07-20 06:00:09 ,44224.9,663.9,0,0,7.4,18.3,40.8,.5,.1,.1,0,36.9,3.9,1.1,0,0,0,0,0,0,0,0,5,16,42.3,99.84,100,99.69,90.02,99.81,37.78,99.22,34.72,5.8,.19,null,32.77,26.3,31.77,19.05,0,58,C,84,B
5,30011,2017-07-20 06:00:09,2017-07-20 07:00:47 ,14681.8,757.9,0,0,6.9,12,20.5,.8,.1,.1,0,17.6,3.6,1,0,0,0,0,0,0,0,0,2,19,51.4,99.94,100,98.71,86.39,99.8,42,98.73,38.59,17.74,44.73,null,24.87,2.29,14.98,26.09,0,58,C,83,B
6,30012,2017-07-20 07:00:47,2017-07-20 08:00:22 ,15784.7,323.4,0,0,7.3,12.2,24.9,.6,.1,.1,0,20,3.7,1,0,0,0,0,0,0,0,0,1,13,49.8,99.78,100,96.71,85.1,99.75,43.43,98.92,45.78,10.65,52.01,null,12.04,8.65,9.03,28.57,0,58,C,85,B
7,30013,2017-07-20 08:00:22,2017-07-20 09:00:56 ,198419.7,4640.4,0,0,27.1,34,443.8,.9,.1,.6,0,275.9,6.3,1.7,0,.2,.1,0,0,0,0,1,2,3,49.4,99.64,100,99.72,92.26,99.95,54.31,99.2,44.18,4.86,17.09,null,24.75,10.71,35.62,30.61,0,60,C,86,B
8,30014,2017-07-20 09:00:56,2017-07-20 10:00:28 ,441602.1,6707,0,0,24.1,64.5,369.3,1.3,.1,.1,0,360.5,9.6,1.1,0,.2,.1,0,0,0,0,1,5,1,26.1,99.76,100,99.85,93.95,99.92,30.5,99.76,5.34,8.16,.62,null,39.92,25.25,37.09,33.13,0,60,C,87,B
9,30015,2017-07-20 10:00:28,2017-07-20 11:00:44 ,442154.9,6264.7,0,0,21.6,66.5,364.5,.9,.1,.1,0,357.4,9.9,1.1,0,.2,0,0,0,0,0,1,6,1,24.3,99.78,100,99.93,94.27,99.89,29.66,99.75,5.06,8.24,.85,null,43.78,30.07,37.48,32.25,0,60,C,86,B
10,30016,2017-07-20 11:00:44,2017-07-20 12:00:16 ,323051.9,4557.3,0,0,17.1,56,273.5,1,.1,.1,0,265.5,9.1,1,0,.1,0,0,0,0,0,1,6,2,26.6,99.79,100,99.92,94.31,99.81,31.2,99.71,7.29,7.71,1.61,null,40.95,29.23,34.18,32.86,0,60,C,84,B
11,30017,2017-07-20 12:00:16,2017-07-20 13:01:00 ,92482,1315.3,0,0,9.2,24.1,81.9,.7,.1,.1,0,77.6,4.8,1,0,0,0,0,0,0,0,0,5,8,34.9,99.8,100,99.82,92.9,99.84,40.2,99.33,21.69,6.88,.61,null,38.54,28.09,29.52,18.64,0,60,C,84,B
12,30018,2017-07-20 13:01:00,2017-07-20 14:00:34 ,91039.2,1465.4,0,0,9.5,22.1,83.8,.7,.1,.1,0,79.5,4.8,1,0,0,0,0,0,0,0,0,5,5,35.6,99.8,100,99.8,92.21,99.88,34.62,99.43,21.37,6.39,.59,null,40.8,30.29,30.12,19.71,0,60,C,84,B
13,30019,2017-07-20 14:00:34,2017-07-20 15:00:12 ,372519.6,5629.8,0,0,19.5,55.9,313.4,.9,.1,.1,0,307,9.1,1.2,0,.2,0,0,0,0,0,1,6,1,27.5,99.79,100,99.94,93.83,99.91,29.77,99.75,7.13,7.54,.67,null,42.7,31,36.13,35.13,0,60,C,87,B
14,30020,2017-07-20 15:00:12,2017-07-20 16:00:31 ,364101.9,5141.7,0,0,21.1,58.4,315.7,1,.1,.1,0,308.8,9.3,1.1,0,.2,0,0,0,0,0,1,5,2,25.4,99.65,100,99.95,94.72,99.83,25.71,99.75,6.6,7.97,24.24,null,45.88,20.04,36.35,31.46,0,60,C,84,B
15,30021,2017-07-20 16:00:31,2017-07-20 17:00:03 ,350730.4,5628,0,0,18.6,57.1,309.6,.8,.1,.1,0,297,9.2,1.2,0,.2,0,0,0,0,0,1,6,2,27.2,99.81,100,99.95,93.11,99.81,28.15,99.76,6.78,8.04,2.12,null,41.52,31.85,35.67,33.29,0,60,C,84,B
16,30022,2017-07-20 17:00:03,2017-07-20 18:00:31 ,275378.8,3840.2,0,0,17.6,47.6,232.9,.7,.1,.1,0,227.5,7.5,1.1,0,.1,0,0,0,0,0,1,5,2,27.8,99.73,100,99.94,93.04,99.82,29.37,99.7,9.79,8.04,1.11,null,43.38,23.99,35.08,33.84,0,60,C,84,B
17,30023,2017-07-20 18:00:31,2017-07-20 19:00:03 ,113942.1,1813.8,0,0,10.8,28.1,108.5,.7,.1,.1,0,101.9,5.4,1,0,.1,0,0,0,0,0,0,5,4,35,99.79,100,99.86,92.17,99.83,40,99.46,18.95,6.43,1.88,null,40.98,28.61,30.66,34.94,0,60,C,84,B
18,30024,2017-07-20 19:00:03,2017-07-20 20:00:43 ,103188.7,1615.8,0,0,11.2,24.7,97,.6,.1,.1,0,92.5,5.1,1.1,0,.1,0,0,0,0,0,0,4,4,38.9,99.73,100,99.86,91.84,99.84,54.06,97.17,22.33,6.55,7.84,null,39.32,21.76,32.21,22.51,0,60,C,84,B
19,30025,2017-07-20 20:00:43,2017-07-20 21:00:15 ,47950.1,846.4,0,0,8.6,18.6,50.5,.6,.1,.1,0,46.2,4.3,1,0,0,0,0,0,0,0,0,3,7,44.3,99.79,100,99.73,92.03,99.83,45.71,99.08,35.57,4.87,19.49,null,35.46,25.1,25.03,37.88,0,58,C,85,B
20,30026,2017-07-20 21:00:15,2017-07-20 22:00:47 ,95878.8,1710.4,0,0,46.5,24.6,87.5,1.2,.2,.2,0,137.7,5.2,1.4,0,.1,0,0,0,0,0,0,4,6,30.3,99.59,99.98,99.6,83.88,99.88,47.48,98.76,17.07,10.22,45.8,null,35.88,13.43,29.36,44.44,0,60,C,83,B
21,30027,2017-07-20 22:00:47,2017-07-20 23:00:59 ,56689,1332.3,0,0,846.9,19.3,45.6,2.8,.4,.3,0,56.1,4.5,1.8,0,1,.1,.02,0,.02,0,15,10,9,5.2,77.51,99.99,97.81,85.56,99.9,54.55,98.96,25.46,38.26,97.76,null,16.89,73.63,17.19,16.18,0,60,C,72,C
22,30028,2017-07-20 23:00:59,2017-07-21 00:00:22 ,18793.9,382,0,0,308.1,13.7,28.9,.7,.1,.1,0,32.1,3.7,1,0,.1,0,0,0,0,0,21,3,20,20.8,99.9,100,99.33,87.62,99.84,46.41,98.69,14.82,9.12,2.65,null,17.58,23.33,13.03,19.23,0,58,C,76,B
23,30029,2017-07-21 00:00:22,2017-07-21 01:00:47 ,131416,2037.3,0,0,11.5,27,120.4,1.2,.1,.1,0,119.3,5.1,1,0,.1,0,0,0,0,0,0,5,12,33.8,99.76,100,99.6,87.97,99.95,45.27,98.83,18.56,6.34,7.43,null,45.6,30.15,30.3,16.67,0,60,C,82,B
24,30030,2017-07-21 01:00:47,2017-07-21 02:00:13 ,502036.6,6296.9,0,0,25.1,62.1,348.7,.7,.1,.1,0,346.6,8.3,1.1,0,.2,0,0,0,0,0,1,5,1,25.9,99.73,100,99.92,87.19,99.94,33.33,99.48,5.83,8.27,4.46,null,53.02,29.61,33.83,29.8,0,60,C,86,B
25,30031,2017-07-21 02:00:13,2017-07-21 03:00:44 ,42466.2,640.2,0,0,7.7,16.5,40.8,.6,.1,.1,0,37.2,3.9,1,0,0,0,0,0,0,0,0,4,21,41.7,99.83,100,99.46,86.43,99.87,40,98.95,33.7,5.41,.29,null,35.49,28.69,25.79,28.57,0,58,C,83,B
26,30032,2017-07-21 03:00:44,2017-07-21 04:00:25 ,12990.3,338.2,0,0,6.5,11.7,26.4,.9,.1,.1,0,21.3,3.6,1,0,0,0,0,0,0,0,0,2,20,49,99.91,100,99.31,92.71,99.85,49.25,97.48,45.15,10.41,39.16,null,13.6,23.28,10.31,23.53,0,58,C,83,B
27,30033,2017-07-21 04:00:25,2017-07-21 05:00:50 ,14217.8,337.8,0,0,8,11.9,20.6,.6,.1,.1,0,16.5,3.6,1,0,0,0,0,0,0,0,0,1,30,52.8,99.55,100,99.18,89.55,99.86,59.08,94.21,44.8,10.41,23.24,null,17.04,2.1,12.01,45.45,0,58,C,85,B
28,30034,2017-07-21 05:00:50,2017-07-21 06:00:22 ,146486.9,2083.4,0,0,11.9,26.6,120.9,.5,.1,.1,0,116.9,5.1,1,0,.1,0,0,0,0,0,0,4,15,33.8,99.77,100,99.89,90,99.92,48.18,99.08,17.02,7.78,.21,null,48.5,30.88,36.19,16,0,60,C,82,B
29,30035,2017-07-21 06:00:22,2017-07-21 07:00:56 ,15387.5,770.6,0,0,6.7,12.2,21.5,.7,.1,.1,0,18.6,3.6,1,0,0,0,0,0,0,0,0,6,20,45.2,99.92,100,98.82,86.43,99.85,45.95,98.6,33.29,17.47,35.55,null,23.6,8.79,9.47,30.43,0,58,C,83,B
30,30036,2017-07-21 07:00:56,2017-07-21 08:00:31 ,24125.6,443.8,0,0,7.7,13.7,31,.6,.1,.1,0,26.8,3.9,1.3,0,0,0,0,0,0,0,0,3,20,47.7,99.79,100,96.88,82.56,99.85,46.58,98.39,41.21,7.85,37.75,null,22.89,16.45,15.66,42.11,0,58,C,82,B
31,30037,2017-07-21 08:00:31,2017-07-21 09:00:59 ,268283.1,3945.5,0,0,18.2,43.1,230.3,.8,.1,.1,0,224.5,7.6,1.2,0,.1,0,0,0,0,0,1,5,2,30.2,99.73,100,99.68,91.7,99.96,53.93,98.66,15.6,7.84,3.29,null,46.73,26.44,34.42,34.09,0,60,C,84,B
32,30038,2017-07-21 09:00:59,2017-07-21 10:00:19 ,475665.2,7525.8,0,0,26.5,72.2,654.6,.9,.1,.1,0,495.6,10.7,1.1,0,.2,.1,0,0,0,0,1,5,1,28.4,99.76,100,99.94,93.24,99.95,28.36,99.83,4.64,7.37,1.67,null,39.81,24.87,37.7,32.73,0,60,C,87,B
33,30039,2017-07-21 10:00:19,2017-07-21 11:00:45 ,414372.1,5233.8,0,0,26.5,64.4,343.4,.9,.1,.1,0,336.7,9.9,1.2,0,.2,0,0,0,0,0,1,5,1,23.5,99.65,100,99.92,93.69,99.93,31.78,99.74,5.5,9.45,35.33,null,40.42,34.9,33.36,35.87,0,60,C,86,B
34,30040,2017-07-21 11:00:45,2017-07-21 12:00:55 ,685262,8222.6,0,0,30.5,88.8,561.7,1,.1,.1,0,538.4,12,1.1,0,.3,.1,0,0,0,0,1,6,1,24.2,99.73,100,99.95,93.81,99.86,26.06,99.82,3.86,10.11,4.97,null,43.22,24.23,37.85,34.94,0,60,C,86,B
35,30041,2017-07-21 12:00:55,2017-07-21 13:00:21 ,223936.8,2917.5,0,0,13.8,42.4,183.9,.6,.1,.1,0,178.8,6.6,1.1,0,.1,0,0,0,0,0,0,5,3,32.2,99.78,100,99.91,91.83,99.88,32.23,99.6,12.91,8.37,.99,null,41.36,26.97,36.95,33.09,0,60,C,84,B
36,30042,2017-07-21 13:00:21,2017-07-21 14:00:56 ,96406.9,1433.8,0,0,9.1,24.1,94.4,.7,.1,.1,0,88.9,5.5,1.1,0,0,0,0,0,0,0,0,5,8,36.1,99.81,100,99.82,91.67,99.86,35.64,99.45,20.7,6.55,2.08,null,34.89,27.97,25.8,20.9,0,60,C,84,B
37,30043,2017-07-21 14:00:56,2017-07-21 15:00:21 ,311735.5,4298.7,0,0,17.1,48.5,272.6,.7,.1,.1,0,266.7,8.4,1.1,0,.1,0,0,0,0,0,1,6,2,26.8,99.78,100,99.94,92.62,99.86,36.21,99.67,7.97,8.29,.41,null,43.85,30.04,34.8,34.14,0,60,C,84,B
38,30044,2017-07-21 15:00:21,2017-07-21 16:00:47 ,857442,10860.3,0,0,36.6,116.7,716.1,1.2,.1,.1,0,705.8,16.6,1.1,0,.3,.1,0,0,0,0,1,6,1,26,99.71,100,99.96,95.18,99.76,25.49,99.82,3.42,9.32,13.67,null,42.28,22.05,38.85,36.51,0,60,C,86,B
39,30045,2017-07-21 16:00:47,2017-07-21 17:00:15 ,934357.9,12715.1,0,0,40.2,127.1,782.2,.9,.1,.1,0,769,20.1,1.2,0,.3,.1,0,0,0,0,1,5,1,27.3,99.77,100,99.96,93.41,99.76,21.29,99.87,3.46,8.41,.78,null,40.47,25.54,39.08,34.81,0,60,C,87,B
40,30046,2017-07-21 17:00:15,2017-07-21 18:00:56 ,832510.8,11537.4,0,0,42.5,120,700.6,.9,.1,.1,0,684.3,19.3,1.1,0,.3,.1,0,0,0,0,1,4,1,28.3,99.72,100,99.96,93.95,99.79,19.9,99.87,3.42,8.07,13.78,null,35.72,18.9,38.86,32.36,0,60,C,86,B
41,30047,2017-07-21 18:00:56,2017-07-21 19:00:21 ,331492.7,5062.4,0,0,21.5,63.9,323,.8,.1,.1,0,308.9,15.2,1.1,0,.1,0,0,0,0,0,0,3,1,36.6,99.73,100,99.94,93.53,99.8,27.5,99.71,9.23,6.57,1.26,null,32.56,18.14,33.41,17.77,0,60,C,86,B
42,30048,2017-07-21 19:00:21,2017-07-21 20:00:53 ,87069.7,1454.9,0,0,11.4,25.8,89.4,.8,.1,.1,0,82.2,6.7,1.3,0,0,0,0,0,0,0,0,2,3,44,99.69,100,99.83,93.12,99.87,51.43,98.5,23.67,5.87,7.63,null,22.18,10.75,26.78,15.48,0,60,C,85,B
43,30049,2017-07-21 20:00:53,2017-07-21 21:00:21 ,35568.9,1139.6,0,0,8.1,15.9,43.8,.7,.1,.1,0,38.4,4.1,1,0,0,0,0,0,0,0,0,3,9,48.2,99.88,100,99.69,92.05,99.89,40.4,99.28,33.61,16.95,25.27,null,18.86,20.42,20.64,41.46,0,60,C,85,B
44,30050,2017-07-21 21:00:21,2017-07-21 22:00:50 ,65483.4,1323.6,0,0,53,20.6,64.4,1.2,.2,.2,0,115,4.8,1.6,0,.1,0,0,0,0,0,0,4,18,32,99.57,99.97,99.5,82.97,99.91,44.71,98.54,18.48,14.59,44.52,null,28.76,13.13,26.42,40,0,60,C,81,B
45,30051,2017-07-21 22:00:50,2017-07-21 23:00:14 ,121164.9,3435.1,.2,0,757.1,31,44.6,3.2,.6,.5,0,57.4,4.7,1.5,0,.7,.1,.01,0,.02,0,9,3,141,14.7,53.14,100,97.45,81.96,99.96,52.16,98.06,33.78,55.34,97.72,null,27.74,56.11,13.29,22.58,0,60,C,73,C
46,30052,2017-07-21 23:00:14,2017-07-22 00:00:49 ,22918.6,454.9,0,0,440.6,15,32.8,.7,.1,.1,0,35.5,3.7,1.3,0,.1,0,0,0,0,0,19,3,17,19.7,99.86,100,99.46,88.68,99.81,31.3,99.36,13.71,7.67,1.56,null,25.24,23.84,14.11,28,0,58,C,76,B
47,30053,2017-07-22 00:00:49,2017-07-22 01:00:33 ,141146,2114.8,0,0,12.8,28.8,128.7,1.3,.2,.1,0,127.7,5.2,1,0,.1,0,0,0,0,0,0,4,12,33.2,99.72,100,99.57,87.38,99.95,31.03,99.32,17.64,6.59,17.74,null,44.76,25.46,31.69,30,0,60,C,82,B
48,30054,2017-07-22 01:00:33,2017-07-22 02:00:10 ,384074.3,4753.2,0,0,19.8,49.3,274.1,.6,.1,.1,0,271.5,7.1,1.1,0,.1,0,0,0,0,0,1,5,1,28.1,99.75,100,99.91,86.49,99.94,28.32,99.62,7.79,8.4,6.26,null,50.65,29.6,33.34,27.93,0,60,C,86,B
49,30055,2017-07-22 02:00:10,2017-07-22 03:01:03 ,60941.3,905.1,0,0,8.2,18.9,56.9,.6,.1,.1,0,53.2,4.2,1.1,0,0,0,0,0,0,0,0,4,18,39.5,99.82,100,99.6,85.74,99.9,46.77,98.84,28.76,6.11,.74,null,40.98,32.86,29.57,35,0,58,C,82,B
50,30056,2017-07-22 03:01:03,2017-07-22 04:00:28 ,17520.1,369.1,0,0,6.7,12.4,29.1,.9,.1,.1,0,24.2,3.7,1,0,0,0,0,0,0,0,0,3,18,49,99.89,100,99.43,92.79,99.84,40,99.03,44.33,9.4,26.77,null,15.51,20.06,10.8,33.33,0,58,C,83,B
51,30057,2017-07-22 04:00:28,2017-07-22 05:00:03 ,118604.7,1760.3,0,0,11.8,20,100.1,.6,.1,.1,0,96.1,4.8,1,0,0,0,0,0,0,0,0,3,14,38.4,99.72,100,99.87,90.71,99.92,40,99.41,20.22,7.35,7.07,null,45,24.47,29.63,18.75,0,60,C,82,B
52,30058,2017-07-22 05:00:03,2017-07-22 06:00:41 ,60405.7,1402.5,0,0,54,20.8,52.3,1.2,.2,.2,0,103.4,4.2,1.5,0,.1,0,0,0,0,0,0,3,19,33.2,99.61,99.94,99.5,85.02,99.91,51.68,98.51,17.7,14.19,41.16,null,26.68,10.63,31.38,63.64,0,60,C,81,B
53,30059,2017-07-22 06:00:41,2017-07-22 07:00:21 ,27144.2,549.9,0,0,67.2,13.9,21.4,2.3,.3,.2,0,29.5,3.8,1.5,0,.1,0,0,0,0,0,0,2,14,20.5,98.49,100,96.88,84.87,99.87,50,97.65,20.02,30.33,90.95,null,7.95,2.48,7,40,0,58,C,81,B
54,30060,2017-07-22 07:00:21,2017-07-22 08:00:56 ,13818.4,522.1,0,0,7.3,11.8,21.7,.8,.1,.1,0,18.9,3.6,1.1,0,0,0,0,0,0,0,0,1,15,53.9,99.9,100,98.66,85.76,99.85,37.24,98.86,46.32,12.89,60.28,null,17.85,6.84,10.28,29.41,0,58,C,85,B
55,30061,2017-07-22 08:00:56,2017-07-22 09:00:36 ,24190,441.5,0,0,6.8,13.9,30.6,.6,.1,.1,0,26.2,3.8,1.1,0,0,0,0,0,0,0,0,3,19,49.7,99.87,100,97.97,83.94,99.86,34.69,99.17,43.81,7.88,1.52,null,28.85,32.19,16.42,33.33,0,58,C,83,B
56,30062,2017-07-22 09:00:36,2017-07-22 10:00:14 ,33469.1,567.2,0,0,7.2,15.8,38,.6,.1,.1,0,34.1,4,1,0,0,0,0,0,0,0,0,4,14,46.1,99.84,100,99.22,88.31,99.87,46.53,98.94,38.44,6.14,2.07,null,26.64,24.17,18.13,13.16,0,58,C,83,B
57,30063,2017-07-22 10:00:14,2017-07-22 11:00:57 ,55035.2,996.2,0,0,10,19.8,51.9,1.2,.2,.1,0,102.3,4.5,1.2,0,.1,0,0,0,0,0,0,3,8,33.8,99.49,100,99.32,81.6,99.91,54.64,97.55,16.26,18.73,39.91,null,21.86,11.35,20.96,15.73,0,58,C,83,B
58,30064,2017-07-22 11:00:57,2017-07-22 12:00:44 ,30163.6,534.7,0,0,7.2,15.3,35,.6,.1,.1,0,31.1,4,1.2,0,0,0,0,0,0,0,0,3,14,44.6,99.85,100,99.23,86.6,99.87,42.68,98.15,31.44,6.55,1.35,null,25.07,22.74,16.13,20.69,0,58,C,83,B
59,30065,2017-07-22 12:00:44,2017-07-22 13:00:21 ,19200.3,379.5,0,0,6.4,13.1,25.2,.6,.1,.1,0,21.5,3.7,1.3,0,0,0,0,0,0,0,0,3,22,47.3,99.91,100,99.11,89.6,99.85,45.53,98.25,37.77,9.22,.26,null,18.33,33.53,12.58,31.25,0,58,C,83,B
60,30066,2017-07-22 13:00:21,2017-07-22 14:00:59 ,24363.8,442.7,0,0,8,14.4,31.1,.6,.1,.1,0,26.9,4.1,1,0,0,0,0,0,0,0,0,1,9,46.6,99.58,100,99.28,87.92,99.84,43.15,98.21,33.82,7.9,1.31,null,15.85,76.88,14.19,10.53,0,58,C,88,B
61,30067,2017-07-22 14:00:59,2017-07-22 15:00:33 ,74289.9,769.9,0,0,16.4,22.6,32.4,1.2,.2,.2,0,84.5,4.1,1.3,0,.1,0,0,0,0,0,0,1,9,26.7,98.18,100,99.4,85.32,99.88,46.73,97.49,24.18,24.9,88.88,null,15.21,18.2,13.14,14.74,0,58,C,85,B
62,30068,2017-07-22 15:00:33,2017-07-22 16:00:11 ,43674.4,791.5,0,0,8,17.2,54.7,.9,.1,.1,0,49.8,4.1,1.1,0,0,0,0,0,0,0,0,4,11,42.7,99.25,100,99.52,90.88,99.88,46.67,97.64,26.12,4.93,75.14,null,35.5,75.14,21.92,23.44,0,58,C,83,B
63,30069,2017-07-22 16:00:11,2017-07-22 17:00:48 ,35417,551.8,0,0,7.1,15.8,38.9,.6,.1,.1,0,35,4,1,0,0,0,0,0,0,0,0,4,12,43.7,99.83,100,99.53,88.49,99.88,39.46,98.47,29.82,6.27,.22,null,27.67,24.47,22.27,21.62,0,58,C,83,B
64,30070,2017-07-22 17:00:48,2017-07-22 18:00:26 ,19734.5,382.7,0,0,6.7,13.1,25.8,.6,.1,.1,0,22.1,3.7,1,0,0,0,0,0,0,0,0,2,15,47.7,99.87,100,99.29,88.92,99.85,53.23,97.97,38.45,9.1,.15,null,24.92,27.22,13.8,16.67,0,58,C,83,B
65,30071,2017-07-22 18:00:26,2017-07-22 19:00:09 ,19319.3,512.6,0,0,9.4,13,23.2,1.2,.2,.1,0,74.9,3.7,1.2,0,0,0,0,0,0,0,0,2,21,34.6,99.28,100,99.25,83.02,99.82,52.7,97.57,22.38,34.95,58.14,null,9.86,15.29,8.98,20,0,58,C,81,B
66,30072,2017-07-22 19:00:09,2017-07-22 20:00:44 ,15613,446.2,0,0,8.1,12.4,22.7,.6,.1,.1,0,18.8,3.7,1,0,0,0,0,0,0,0,0,1,26,50.5,99.63,100,99.15,88.59,99.87,56.75,92.28,34.08,9.19,20.55,null,15.32,5.58,8.79,57.14,0,58,C,86,B
67,30073,2017-07-22 20:00:44,2017-07-22 21:00:12 ,13172.2,287.3,0,0,7.1,11.4,19.4,.6,.1,.1,0,15.7,3.6,1.1,0,0,0,0,0,0,0,0,1,26,50.7,99.83,100,99.1,89.09,99.84,37.39,98.64,42.27,12.17,73.24,null,12.41,5.67,11.44,26.67,0,58,C,85,B
68,30074,2017-07-22 21:00:12,2017-07-22 22:00:50 ,41937.8,677.1,0,0,8.2,15.3,41.6,.6,.1,.1,0,37.8,3.9,1,0,0,0,0,0,0,0,0,4,17,42.9,99.84,100,99.61,89.14,99.91,43.56,98.91,28.38,5.43,.23,null,39.39,34.59,26.34,20.83,0,58,C,83,B
69,30075,2017-07-22 22:00:50,2017-07-22 23:00:33 ,15008,519.7,0,0,9.9,11.9,19.6,1.1,.2,.2,0,71.3,3.6,1,0,.1,0,0,0,0,0,0,1,23,41,98.25,100,99.34,84.31,99.85,47.03,98.75,41.44,43.15,71,null,9.72,6.12,9.94,41.67,0,58,C,85,B
70,30076,2017-07-22 23:00:33,2017-07-23 00:00:02 ,10339.2,229.8,0,0,24.1,10.8,19.4,.6,.1,.1,0,15.7,3.5,1,0,0,0,0,0,0,0,0,1,21,53.8,99.96,100,98.98,88.08,99.78,47.37,98.4,36.79,15.4,10.49,null,15.76,8.2,13.42,41.67,0,58,C,85,B
71,30077,2017-07-23 00:00:02,2017-07-23 01:00:12 ,132132.9,2020.3,0,0,47.1,26.7,123.5,1.3,.1,.2,0,122.2,5.1,1,0,.1,0,0,0,0,0,0,5,8,39.4,99.81,100,99.63,89.01,99.94,41.3,99.18,18.14,6.31,.42,null,44.46,34.99,31.66,56.67,0,60,C,84,B
72,30078,2017-07-23 01:00:12,2017-07-23 02:00:29 ,405437.5,4922.7,0,0,56.5,52.1,288.2,.6,.1,.1,0,285.2,7.4,1,0,.1,0,0,0,0,0,1,5,1,30.4,99.77,100,99.91,87.54,99.94,22.5,99.75,7.34,8.5,.26,null,50.14,32.1,34.79,26.53,0,60,C,86,B
73,30079,2017-07-23 02:00:29,2017-07-23 03:00:49 ,24198,365.9,0,0,47.2,13.6,27.1,.7,.1,.1,0,23.3,3.7,1.1,0,0,0,0,0,0,0,0,3,25,49.4,99.89,100,99.23,87.91,99.85,36.56,99.28,36.59,9.51,1.97,null,17.75,20.36,18.85,30,0,58,C,83,B
74,30080,2017-07-23 03:00:49,2017-07-23 04:00:20 ,11167.2,289.7,0,0,17.2,11.1,27.5,.8,.1,.1,0,19.6,3.5,1,0,0,0,0,0,0,0,0,1,26,52.7,99.93,100,99.36,93.26,99.8,44.83,99.14,41.86,11.96,62.46,null,12.23,4.11,16.59,28.57,0,58,C,86,B
75,30081,2017-07-23 04:00:20,2017-07-23 05:00:34 ,131692.8,1973.3,0,0,63.9,25.2,110.4,.6,.1,.1,0,106.4,5,1.1,0,.1,0,0,0,0,0,0,3,19,39.7,99.72,100,99.88,91.65,99.91,55.17,96.61,16.95,7.31,6.14,null,46.12,25,31.98,33.33,0,60,C,82,B
76,30082,2017-07-23 05:00:34,2017-07-23 06:00:54 ,28630.8,936.2,0,0,120.8,13.2,22.8,2.3,.3,.3,0,79.9,4.2,1.8,0,.1,0,0,0,0,0,0,2,27,32.4,99.19,99.98,98.68,86.03,99.86,54.03,97.83,19.3,32.88,71.61,null,13.65,5.02,13.44,16.67,0,58,C,81,B
77,30083,2017-07-23 06:00:54,2017-07-23 07:00:14 ,15318.8,388.5,0,0,90.6,13.2,19.1,1.3,.3,.1,0,18.7,3.6,1.3,0,.1,0,0,0,0,0,0,2,24,21.8,97.74,100,96.97,79.2,99.8,48.22,98.54,17.04,21.09,62.86,null,9.28,34.56,13.85,31.25,0,58,C,80,B
78,30084,2017-07-23 07:00:14,2017-07-23 08:00:21 ,10375.8,238.3,0,0,45.3,10.8,19.4,.6,.1,.1,0,15.4,3.6,1.1,0,0,0,0,0,0,0,0,0,22,51.3,99.83,100,98.99,90.31,99.76,50,98.77,44.15,14.88,87.77,null,15.17,1.92,13.32,22.22,0,58,C,85,B
79,30085,2017-07-23 08:00:21,2017-07-23 09:00:44 ,17190.9,316.8,0,0,48.9,12.4,25.2,.6,.1,.1,0,21.2,3.7,1.1,0,0,0,0,0,0,0,1,3,21,47.2,99.9,100,99.22,89.76,99.79,39.8,99.16,36.65,11.04,2.22,null,17.13,23.77,12.23,40,0,58,C,83,B
80,30086,2017-07-23 09:00:44,2017-07-23 10:00:07 ,22326.3,439.2,0,0,55.3,13.4,27.7,.6,.1,.1,0,23.9,3.7,1,0,0,0,0,0,0,0,0,3,17,51,99.89,100,99.33,88.49,99.83,47.87,99.06,38.99,7.99,1.49,null,29.69,37.9,12.79,26.67,0,58,C,83,B
81,30087,2017-07-23 10:00:07,2017-07-23 11:00:20 ,44825.5,862.7,0,0,107.3,16.9,39.6,1.1,.2,.1,0,90.6,4.1,1.1,0,0,0,0,0,0,0,0,2,15,39.2,99.7,100,99.44,84.93,99.87,46.19,98.49,17.41,21.9,58.55,null,22.45,19.63,17.63,21.43,0,58,C,81,B
82,30088,2017-07-23 11:00:20,2017-07-23 12:00:31 ,25277.5,460.8,0,0,82.1,14.3,28.8,.7,.1,.1,0,24.6,3.8,1,0,0,0,0,0,0,0,0,3,16,47.2,99.88,100,99.28,89.45,99.82,37.5,99,31.5,11.35,1.41,null,20.86,25.72,11.35,12.9,0,58,C,83,B
83,30089,2017-07-23 12:00:31,2017-07-23 13:00:38 ,19642.7,369.9,0,0,56,13.2,24.8,.6,.1,.1,0,20.6,3.8,1.1,0,0,0,0,0,0,0,0,2,18,49.4,99.89,100,99.36,91.36,99.79,45.83,98.8,34.74,11.7,1.75,null,11.37,14.46,11.94,34.62,0,58,C,83,B
84,30090,2017-07-23 13:00:38,2017-07-23 14:00:46 ,17920.6,383,0,0,78.3,12.6,24.8,.6,.1,.1,0,20.8,3.7,1,0,0,0,0,0,0,0,0,2,21,49,99.88,100,99.41,91.03,99.8,43.16,98.88,34.81,9.1,1.78,null,25.95,34.93,9.57,50,0,58,C,84,B
85,30091,2017-07-23 14:00:46,2017-07-23 15:00:54 ,39856.1,811.5,0,0,110.7,17.3,40.6,1.3,.2,.1,0,91.9,4.2,1.1,0,0,0,0,0,0,0,0,2,15,39,99.59,100,99.39,84.19,99.85,49.45,97.97,19.32,24.54,62.24,null,20.21,16.57,17.82,15,0,58,C,81,B
86,30092,2017-07-23 15:00:54,2017-07-23 16:00:02 ,99056.6,1425.5,0,0,109.6,21.4,99.7,1,.1,.1,0,93.2,5.5,1.1,0,.1,0,0,0,0,0,0,5,5,37.1,99.8,100,99.8,93.6,99.87,30.43,99.48,14.58,6.53,1.8,null,35.5,26.68,23.12,20.63,0,60,C,84,B
87,30093,2017-07-23 16:00:02,2017-07-23 17:00:21 ,63315.8,890.1,0,0,102.5,21.8,59.7,.6,.1,.1,0,55.3,4.3,1,0,0,0,0,0,0,0,0,4,13,38.8,99.79,100,99.76,91.22,99.85,41.05,99.23,20.26,6.68,.39,null,36.24,24.49,33.11,36.84,0,58,C,82,B
88,30094,2017-07-23 17:00:21,2017-07-23 18:00:38 ,1063623.9,15156.1,0,0,109.9,245.1,63.6,.6,.1,.1,0,54.1,15.4,1.1,0,.2,.1,0,0,0,0,2,2,12,29.8,99.69,100,99.73,91.38,99.98,32.48,99.84,46.2,83.36,79.57,null,44.67,48.14,62.72,12.2,0,60,C,79,B
89,30095,2017-07-23 18:00:38,2017-07-23 19:00:12 ,23687.6,660.3,0,0,14.4,14.1,26.4,1.2,.2,.2,0,78.1,3.8,1.2,0,.1,0,0,0,0,0,0,2,12,29.1,94.59,100,99.34,85.76,99.86,49.44,98.76,24.72,38.66,87.37,null,9.09,80.71,11.32,14.29,0,58,C,81,B
90,30096,2017-07-23 19:00:12,2017-07-23 20:00:47 ,13133.2,317.4,0,0,7.9,11.5,20.7,.6,.1,.1,0,16.5,3.6,1,0,0,0,0,0,0,0,0,1,20,51.9,99.49,100,99.22,91.48,99.82,58.75,94.89,45.36,10.98,21.92,null,18.78,.65,10.37,66.67,0,58,C,86,B
91,30097,2017-07-23 20:00:47,2017-07-23 21:00:15 ,16089.6,333.4,0,0,7.8,12.3,23.3,.6,.1,.1,0,19.3,3.7,1,0,0,0,0,0,0,0,0,1,22,51.1,99.66,100,99.34,90.37,99.83,41.76,99.05,48.92,10.47,30.16,null,14.75,6.54,9.54,26.67,0,58,C,86,B
92,30098,2017-07-23 21:00:15,2017-07-23 22:00:53 ,44200.4,681.4,0,0,8.9,15.9,44.4,.6,.1,.1,0,40.2,4,1,0,0,0,0,0,0,0,0,3,14,42.9,99.75,100,99.61,89.84,99.86,39.81,99.11,34.05,5.73,.17,null,37.49,22.28,26.72,11.43,0,58,C,83,B
93,30099,2017-07-23 22:00:53,2017-07-23 23:00:13 ,17390.4,548.8,0,0,1074.7,13.3,24.7,1.2,.2,.2,0,83.2,3.8,1.1,0,.1,0,0,0,0,0,18,2,25,22.9,99.01,100,99.43,85.14,99.82,49.3,98.55,12.25,36.56,77.37,null,9.24,23.48,8.31,25,0,58,C,75,B
94,30100,2017-07-23 23:00:13,2017-07-24 00:00:48 ,13048.3,493.3,0,0,6.4,11.4,23.4,.8,.1,.1,0,20.4,3.7,1.2,0,0,0,0,0,0,0,1,2,29,39.8,99.97,100,96.8,85.4,99.83,45.26,98.37,28.2,13.64,3.78,null,17.54,4.85,11.89,50,0,58,C,82,B
95,30101,2017-07-24 00:00:48,2017-07-24 01:00:28 ,138300.9,2158.5,0,0,11.4,27.8,127.1,1.2,.1,.1,0,125.7,5.1,1,0,.1,0,0,0,0,0,0,5,13,34,99.78,100,99.56,89.28,99.94,39.04,99.06,17.84,6.35,.55,null,47.06,32.25,30.41,44.44,0,60,C,82,B
96,30102,2017-07-24 01:00:28,2017-07-24 02:00:03 ,402218.6,4804.9,0,0,19.2,52.1,291.3,.7,.1,.1,0,287.8,7.4,1.1,0,.1,0,0,0,0,0,1,5,1,27.3,99.76,100,99.9,91.63,99.95,29.24,99.64,7.24,8.85,.26,null,48.32,29.95,34.1,23.61,0,60,C,87,B
97,30103,2017-07-24 02:00:03,2017-07-24 03:00:37 ,15107.3,257.7,0,0,6.5,12.1,20.4,.6,.1,.1,0,16.2,3.6,1,0,0,0,0,0,0,0,0,1,9,53.5,99.95,100,98.77,89.78,99.78,43.86,98.69,51.77,13.62,.49,null,13.95,13.16,9.85,20.83,0,58,C,88,B
98,30104,2017-07-24 03:00:37,2017-07-24 04:00:12 ,9445.1,259.4,0,0,6.4,10.7,24.5,.9,0,.1,0,19.3,3.5,1.2,0,0,0,0,0,0,0,0,2,21,52.7,99.93,100,99.29,94.88,99.8,39.77,99.07,49.7,13.5,52.28,null,13.77,1.48,14.72,28.57,0,56,C,84,B
99,30105,2017-07-24 04:00:12,2017-07-24 05:00:40 ,10242.1,299.5,0,0,7.6,10.7,18.7,.6,0,.1,0,14.4,3.5,1,0,0,0,0,0,0,0,0,0,20,54.7,99.55,100,99.11,92.49,99.82,57.76,96.07,48.08,11.5,25.89,null,19.18,.22,14.13,33.33,0,58,C,86,B
100,30106,2017-07-24 05:00:40,2017-07-24 06:00:09 ,130876.8,1809.1,0,0,10.6,24.6,110.5,.6,0,.1,0,106.3,4.9,1,0,.1,0,0,0,0,0,0,4,16,36.1,99.78,100,99.87,92.96,99.92,40.2,99.39,18.72,8.03,.23,null,46.79,31.15,36.01,40,0,60,C,82,B
101,30107,2017-07-24 06:00:09,2017-07-24 07:00:38 ,9666.9,459.9,0,0,6.5,10.6,19.4,.6,0,.1,0,14.5,3.6,1,0,0,0,0,0,0,0,0,0,21,55.2,99.94,100,99.11,92.85,99.8,38.3,99.15,47.64,14.65,84.66,null,22.46,.3,15.07,38.46,0,56,C,86,B
102,30108,2017-07-24 07:00:38,2017-07-24 08:00:15 ,13254.6,360.4,0,0,9.1,11.2,22.4,.6,.1,.1,0,17.7,3.6,1,0,0,0,0,0,0,0,0,1,22,55.9,99.49,100,99.18,91.32,99.8,49.49,99.27,62.54,9.77,18.98,null,18.75,2.66,12.34,55.56,0,58,C,86,B
103,30109,2017-07-24 08:00:15,2017-07-24 09:00:47 ,161428.5,2602.2,0,0,13.8,31.5,149.7,.8,.1,.1,0,144.2,6.3,1.2,0,.1,0,0,0,0,0,1,4,3,34.1,99.74,100,99.49,93.82,99.95,34.4,99.61,22.1,6.89,5.02,null,46.06,26.97,33.99,31.05,0,60,C,84,B
104,30110,2017-07-24 09:00:47,2017-07-24 10:00:21 ,632783.2,10145,0,0,27.5,85.4,1104.6,.9,.1,.1,0,750.3,12.9,1.1,0,.3,.1,0,0,0,0,1,6,1,30.8,99.81,100,99.96,93.81,99.96,25.95,99.87,3.48,7.36,.84,null,35.78,28.98,37.86,31.56,0,60,C,87,B
105,30111,2017-07-24 10:00:21,2017-07-24 11:00:53 ,1068168.3,13294.1,0,0,45.2,147.8,909.4,1.3,0,.1,0,852.5,24.8,1.4,0,.5,.1,0,0,0,0,1,6,1,21.8,99.75,100,99.95,96.48,99.91,18.06,99.9,2.11,8.5,82.9,null,37.62,82.98,38.85,22.93,0,60,C,86,B
106,30112,2017-07-24 11:00:53,2017-07-24 12:00:22 ,834975.1,10062.9,0,0,36.9,119.6,628,1.2,0,.1,0,614,19,1.2,0,.3,.1,0,0,0,0,1,5,1,24.7,99.73,100,99.96,96.55,99.81,20.87,99.84,3.28,8.3,.88,null,40.55,21.43,38.78,21.46,0,60,C,87,B
107,30113,2017-07-24 12:00:22,2017-07-24 13:00:29 ,327301.5,4798,0,0,18.6,54.1,264.5,1,.2,.1,0,261.8,8,1,0,.1,0,0,0,0,0,0,5,2,30.2,99.77,100,99.3,84.66,99.78,41.08,99.43,8.28,7.61,3.29,null,45.55,27.26,35.55,33.24,0,60,C,84,B
108,30114,2017-07-24 13:00:29,2017-07-24 14:00:04 ,513423.2,6274.1,0,0,23.9,71.1,400.6,.8,0,.1,0,391.7,12.3,1.1,0,.2,0,0,0,0,0,0,5,1,29.7,99.75,100,99.89,94.51,99.79,28.67,99.76,6.15,8.5,1.02,null,42.34,24.11,38.2,23.54,0,60,C,86,B
109,30115,2017-07-24 14:00:04,2017-07-24 15:00:12 ,642482.8,8774.7,0,0,31.8,93.8,511.8,.9,0,.1,0,494.8,18.7,1.2,0,.2,.1,0,0,0,0,1,4,1,27.1,99.74,100,99.92,95.18,99.8,30.13,99.8,4.27,6.75,64.55,null,36.67,65.36,37.99,14.38,0,60,C,86,B
110,30116,2017-07-24 15:00:12,2017-07-24 16:00:25 ,888697.1,11707.4,0,0,37.4,123.6,740.4,1.2,0,.1,0,727.7,18.5,1.2,0,.3,.1,0,0,0,0,1,6,1,24.7,99.77,100,99.95,96.53,99.76,19.81,99.86,2.97,8.81,59.87,null,40.83,60.14,38.33,29.83,0,60,C,86,B
111,30117,2017-07-24 16:00:25,2017-07-24 17:00:42 ,631511.7,8433.7,0,0,31.5,95.3,537.6,.8,0,.1,0,526.6,15.6,1.2,0,.3,.1,0,0,0,0,1,5,1,23.8,99.73,100,99.95,95.11,99.77,25.83,99.83,3.81,8.44,1.5,null,41.48,20.58,38.05,28.04,0,60,C,87,B
112,30118,2017-07-24 17:00:42,2017-07-24 18:00:01 ,422694.4,5828.6,0,0,26.2,67,369.6,.9,0,.2,0,360.6,11.1,1.2,0,.2,.1,0,0,0,0,1,5,1,28,99.71,100,99.94,94.54,99.78,28.39,99.8,14.43,8.09,3.98,null,39.35,18,36.55,26.49,0,60,C,86,B
113,30119,2017-07-24 18:00:01,2017-07-24 19:00:12 ,209048.5,2924,0,0,13.9,39.5,183.3,.7,0,.1,0,177.9,6.8,1.1,0,.1,0,0,0,0,0,1,5,2,29.2,99.77,100,99.9,94.48,99.76,33.61,99.59,11.78,7.75,.55,null,43.54,28.46,35.36,23.52,0,60,C,84,B
114,30120,2017-07-24 19:00:12,2017-07-24 20:00:49 ,69551.8,1135.2,0,0,9.7,21.4,70.6,.7,0,.1,0,65.4,4.9,1,0,0,0,0,0,0,0,0,4,4,36.3,99.73,100,99.79,93.77,99.73,37.74,99.34,22.65,5.8,10.84,null,30.06,14.49,24.86,13.45,0,60,C,84,B
115,30121,2017-07-24 20:00:49,2017-07-24 21:00:09 ,310605.8,4451.7,0,0,17.6,47.2,262.2,.6,0,.1,0,256.2,8.4,1.1,0,.1,0,0,0,0,0,0,5,3,30,99.78,100,99.94,93.26,99.79,24.83,99.7,9.37,7.88,3.46,null,47.33,28.11,34.17,30.62,0,60,C,84,B
116,30122,2017-07-24 21:00:09,2017-07-24 22:00:53 ,403749.4,5768,0,0,67.1,61.8,319.1,1.1,.2,.2,0,367.4,8.7,1.3,0,.2,0,0,0,0,0,0,5,4,27.7,99.35,99.97,99.8,84.95,99.76,45.79,99.24,8.91,7.95,60.87,null,46.57,47.19,37.53,28.1,0,60,C,84,B
117,30123,2017-07-24 22:00:53,2017-07-24 23:00:04 ,190877.8,2765.5,0,0,889.2,37.2,99.8,3.2,.6,.4,0,113.3,5.1,1.7,0,.7,.1,.01,0,.01,0,10,5,213,9.7,86.32,100,98.4,81.16,99.82,36.97,97.49,21.33,19.06,89.41,null,30.5,65.07,18.08,13.33,0,60,C,75,B
118,30124,2017-07-24 23:00:04,2017-07-25 00:00:28 ,80270.8,1231.1,0,0,308.6,22.6,75.7,.7,.1,.1,0,78.2,4.4,1,0,.1,0,0,0,0,0,11,6,10,19.9,99.78,100,99.71,89.37,99.72,36.91,99.23,10.8,6.51,.44,null,42.22,25.41,28.68,18.75,0,60,C,78,B
119,30125,2017-07-25 00:00:28,2017-07-25 01:00:59 ,129670.4,2200,0,0,15.5,29.3,119.4,1.4,.1,.9,0,118.4,5,1.1,0,.1,0,0,0,0,0,0,4,13,33,99.73,99.97,99.58,89.68,99.9,49.06,98.27,23.18,5.76,93.1,null,45.24,1.75,7.64,17.65,0,60,C,82,B
120,30126,2017-07-25 01:00:59,2017-07-25 02:00:31 ,390598,5178,0,0,20.7,52.3,284.2,.7,.1,.1,0,281.1,7.3,1.1,0,.1,0,0,0,0,0,0,5,1,27.7,99.75,100,99.9,88.53,99.94,42.75,99.13,7.25,7.97,6.01,null,53.44,27.88,34.68,26.55,0,60,C,86,B
121,30127,2017-07-25 02:00:31,2017-07-25 03:00:14 ,22239.8,371,0,0,6.9,12.7,25.7,.6,.1,.1,0,21.7,3.6,1,0,0,0,0,0,0,0,0,2,23,50.6,99.88,100,99.19,87.9,99.66,53.45,97.61,46.09,9.11,2.63,null,21.79,23.44,11.42,25,0,58,C,83,B
122,30128,2017-07-25 03:00:14,2017-07-25 04:00:46 ,9286.4,289.9,0,0,6.3,10.8,25.9,.9,.1,.1,0,19.2,3.6,1,0,0,0,0,0,0,0,0,1,22,52.6,99.93,100,99.21,92.93,99.61,49.1,97.2,46.61,11.59,59.44,null,12.39,11.47,14.3,20,0,56,C,85,B
123,30129,2017-07-25 04:00:46,2017-07-25 05:00:08 ,10020.2,300.5,0,0,7.8,10.8,18.8,.6,0,.1,0,14.5,3.5,1,0,0,0,0,0,0,0,0,0,21,54.5,99.53,100,99.33,92.97,99.64,49.4,98.95,48.99,11.3,24.56,null,19.48,1.43,13.73,20,0,56,C,86,B
124,30130,2017-07-25 05:00:08,2017-07-25 06:00:40 ,141019,2328.2,0,0,11.6,25.5,118.9,.6,0,.1,0,114.1,5,1.1,0,.1,0,0,0,0,0,0,4,21,35.4,99.8,100,99.9,92.41,99.86,38.24,99.49,16.65,6.75,4.69,null,45.81,29.53,33.64,46.15,0,60,C,82,B
125,30131,2017-07-25 06:00:40,2017-07-25 07:00:09 ,10835.3,224.7,0,0,6.2,11.1,19.1,.5,0,.1,0,14.9,3.6,1,0,0,0,0,0,0,0,0,2,19,52.1,99.95,100,99.4,92.45,99.59,43.02,98.98,51.91,15.15,28.6,null,16.17,29.62,13.06,12.5,0,58,C,83,B
126,30132,2017-07-25 07:00:09,2017-07-25 08:00:40 ,14723.4,356.4,0,0,7.1,11.9,24.6,.6,0,.1,0,20.2,3.7,1,0,0,0,0,0,0,0,0,1,22,50,99.82,100,99.49,92.61,99.64,50,98.4,45.17,9.47,54.79,null,14.97,11.52,10.41,22.22,0,58,C,85,B
127,30133,2017-07-25 08:00:40,2017-07-25 09:00:27 ,169504,3140.6,0,0,14.1,34.3,164.8,.7,0,.1,0,158.2,7.2,1,0,.1,0,0,0,0,0,1,5,5,34.3,99.78,100,99.92,94.08,99.93,34.48,99.67,20.89,5.81,5.05,null,41.94,25.8,33.24,24.66,0,60,C,84,B
128,30134,2017-07-25 09:00:27,2017-07-25 10:00:52 ,426875.2,8723.8,0,0,25.4,67,990.4,.9,.1,.1,0,619.1,11.5,1.2,0,.3,.1,0,0,0,0,1,5,1,30.1,99.8,100,99.97,94,99.95,27.4,99.86,3.84,5.59,71.41,null,31.99,71.41,36.03,28.12,0,60,C,86,B
129,30135,2017-07-25 10:00:52,2017-07-25 11:00:06 ,444078.6,8077.6,.1,0,28.4,64.4,614,.8,.1,.1,0,461.4,9.4,1.1,0,.3,.1,0,0,0,0,1,6,1,24.8,99.8,100,99.96,93.84,99.92,28.29,99.81,8.36,9.33,97.78,null,42.26,97.89,38.04,32.14,0,60,C,86,B
130,30136,2017-07-25 11:00:06,2017-07-25 12:00:29 ,425301.5,22148.4,0,0,71.4,69.8,1209.8,.8,0,.1,0,708.4,11.9,1.3,0,.4,.1,0,0,0,0,1,2,2,32.1,99.72,100,99.97,94.34,99.93,27.63,99.91,24.14,35.04,74.15,null,30.28,83.18,35.91,28.17,0,60,C,84,B
131,30137,2017-07-25 12:00:29,2017-07-25 13:00:03 ,87338.4,11344.6,0,0,9,23.5,806.3,.6,0,.1,0,373.4,4.6,1.1,0,.1,.1,0,0,0,0,1,5,7,56.4,99.98,100,99.97,93.58,99.93,34.74,99.87,16.66,45.92,.34,null,35.44,30.84,30.53,26.39,0,60,C,86,B
132,30138,2017-07-25 13:00:03,2017-07-25 14:00:41 ,110670.8,6155.7,0,0,9.9,24.7,736.5,.7,0,.1,0,357.7,5,1,0,.1,.1,0,0,0,0,1,5,4,51.5,99.95,100,99.96,93.16,99.88,35.92,99.82,9.62,41.78,.29,null,21.69,30.41,33.37,37.44,0,60,C,86,B
133,30139,2017-07-25 14:00:41,2017-07-25 15:00:06 ,429736.2,6105.6,0,0,21.3,59.9,358.9,.7,0,.1,0,350.8,9.6,1.2,0,.2,0,0,0,0,0,1,7,1,22,99.79,100,99.95,93.97,99.85,32.79,99.75,5.15,8.56,87.32,null,43.82,87.32,36.83,38.71,0,60,C,86,B
134,30140,2017-07-25 15:00:06,2017-07-25 16:00:29 ,865417.6,10921.1,0,0,36.5,116.3,693,1,0,.1,0,684.6,14.1,1.4,0,.4,.1,0,0,0,0,2,7,1,20.4,99.71,100,99.95,95.83,99.77,20.42,99.86,2.75,9.75,13.78,null,44.8,20.3,40.63,41.74,0,60,C,83,B
135,30141,2017-07-25 16:00:29,2017-07-25 17:00:49 ,459673.8,9599.8,.3,0,44.7,65.9,381.5,.9,0,.1,0,372.2,9.8,1.2,0,.3,.1,0,0,0,0,1,5,2,21.4,99.75,100,99.96,95.37,99.76,26.62,99.83,23.51,31.56,99.18,null,37.71,99.18,35.66,40.29,0,60,C,83,B
136,30142,2017-07-25 17:00:49,2017-07-25 18:00:03 ,641437.7,7916.5,0,0,30.5,90.3,535.5,.7,.1,.1,0,513.7,11.8,1.3,0,.3,.1,0,0,0,0,1,6,1,22.3,99.73,100,99.95,92.97,99.74,23.68,99.8,3.77,9.68,78.7,null,39.03,58.11,38.67,43.5,0,60,C,86,B
137,30143,2017-07-25 18:00:03,2017-07-25 19:00:19 ,166611.6,2423.2,0,0,12.8,32.8,152,.7,0,.1,0,146.9,6,1,0,.1,0,0,0,0,0,1,5,5,27.8,99.76,100,99.93,94.16,99.77,33.64,99.57,12.26,7.33,.36,null,38.8,73.87,33.07,17.8,0,60,C,84,B
138,30144,2017-07-25 19:00:19,2017-07-25 20:00:36 ,277234.9,4362.3,0,0,25.7,50.2,253.3,9.4,.9,.1,0,266.5,9.9,1.1,0,.1,0,0,0,0,0,1,3,1,29.7,99.58,100,99.34,90.88,99.7,51.98,91.49,13.47,6.17,36.66,null,30.14,22.18,35.47,11.66,0,64,C,85,B
139,30145,2017-07-25 20:00:36,2017-07-25 21:00:13 ,59010.7,882.9,0,0,9,19.5,57,.7,0,.1,0,52.7,4.2,1,0,0,0,0,0,0,0,1,4,9,36.6,99.75,100,99.81,93.87,99.72,36.84,99.18,26.78,5.92,15.12,null,29.72,30.14,29,24.44,0,58,C,84,B
140,30146,2017-07-25 21:00:13,2017-07-25 22:00:42 ,55359.8,1052.8,0,0,32.3,18,52,.9,.1,.1,0,98.5,4.2,1.5,0,.1,0,0,0,0,0,1,4,15,26.9,99.03,99.93,99.75,89.73,99.75,40.78,98.96,17.26,10.35,50.45,null,27.7,10.77,22.9,12.2,0,60,C,81,B
141,30147,2017-07-25 22:00:42,2017-07-25 23:00:02 ,38081.3,1342.3,0,0,1168.5,16.6,24.5,3.7,.6,.4,0,42.9,3.9,1.9,0,.6,0,.01,0,.03,0,9,4,13,7.1,90.01,99.99,96.54,83.43,99.78,3.31,96.84,21.82,34.62,72.1,null,14.9,31.7,3.87,22.22,0,60,C,74,C
142,30148,2017-07-25 23:00:02,2017-07-26 00:00:37 ,15312.2,303.8,0,0,39.3,13.1,26.5,.7,.1,.1,0,29.2,3.6,1,0,0,0,0,0,0,0,2,2,21,40.1,99.92,100,99.47,90.93,99.63,35.14,99.27,29.54,11.35,3.78,null,11.92,24.86,10.7,27.27,0,58,C,81,B
143,30149,2017-07-26 00:00:37,2017-07-26 01:00:57 ,134081.2,2025.8,0,0,13.2,27.2,123.8,1.2,.2,.1,0,122.4,5.1,1.1,0,.1,0,0,0,0,0,1,4,10,30.6,99.67,100,99.57,87.34,99.89,38.33,99.12,16.56,6.54,15.26,null,44.39,36.8,31.67,59.26,0,60,C,83,B
144,30150,2017-07-26 01:00:57,2017-07-26 02:00:16 ,418482,4737.8,0,0,23.6,54,298.4,.7,.1,.1,0,294.8,7.5,1.1,0,.2,0,0,0,0,0,1,5,1,25.3,99.67,100,99.92,90.16,99.94,32.17,99.67,6.48,9.18,4.93,null,46.19,36.12,34,25.72,0,60,C,87,B
145,30151,2017-07-26 02:00:16,2017-07-26 03:00:48 ,16585.9,265.1,0,0,6.5,12.1,21,.7,.1,.1,0,17,3.6,1,0,0,0,0,0,0,0,1,2,17,46.3,99.94,100,98.99,88.86,99.62,43.55,98.54,43.08,13.21,5.73,null,13.64,8.34,9.64,18.75,0,58,C,83,B
146,30152,2017-07-26 03:00:48,2017-07-26 04:00:20 ,14145.1,333.4,0,0,6.5,11.8,28.2,.9,.1,.1,0,22.2,3.6,1.2,0,0,0,0,0,0,0,0,3,25,48.1,99.9,100,99.41,94.13,99.63,41.86,99.08,43.58,10.5,35.54,null,10.9,23.83,9.64,33.33,0,58,C,83,B
147,30153,2017-07-26 04:00:20,2017-07-26 05:00:30 ,15373,383.1,0,0,8,11.9,20.3,.6,.1,.1,0,16.1,3.6,1,0,0,0,0,0,0,0,0,0,19,52.7,99.61,100,99.24,91.35,99.7,58.06,94.87,43.44,11.23,22.76,null,15.1,6.28,18.76,29.41,0,58,C,85,B
148,30154,2017-07-26 05:00:30,2017-07-26 06:01:02 ,150070.9,2360.4,0,0,13.6,26.8,122.5,.6,0,.1,0,117.7,5.1,1,0,.1,0,0,0,0,0,0,4,15,33.6,99.72,100,99.89,92.16,99.89,33.91,99.51,15.05,6.88,6.16,null,42.38,38.95,34.95,20,0,60,C,82,B
149,30155,2017-07-26 06:01:02,2017-07-26 07:00:36 ,13991.4,503.8,0,0,6.3,11.8,18.9,.7,.1,.1,0,14.7,3.6,1,0,0,0,0,0,0,0,0,3,21,52,99.87,100,99.16,91.23,99.68,44.33,98.96,45.45,13.58,91.11,null,16.72,89.96,18.4,15,0,58,C,83,B
150,30156,2017-07-26 07:00:36,2017-07-26 08:00:53 ,43747.4,718.6,0,0,8.6,15.1,43.6,.7,.1,.1,0,40.9,3.9,1,0,0,0,0,0,0,0,0,4,12,38.1,99.74,100,98.21,85.04,99.74,53.04,98.72,28.3,5.34,17.84,null,34.97,34.6,18,20,0,58,C,81,B
151,30157,2017-07-26 08:00:53,2017-07-26 09:00:15 ,422497,5326.1,0,0,24.2,59,336,.7,.1,.1,0,330.3,8.6,1,0,.2,0,0,0,0,0,1,6,1,23.2,99.69,100,99.79,91.96,99.94,31.54,99.73,5.67,9.34,.33,null,46.02,38.73,37.98,33.88,0,60,C,87,B
152,30158,2017-07-26 09:00:15,2017-07-26 10:00:44 ,499114.9,7499.6,0,0,27.3,69.3,769,.8,.1,.1,0,543,10.2,1.1,0,.3,.1,0,0,0,0,1,6,1,27.2,99.75,100,99.91,93.81,99.95,32.85,99.82,3.99,7.71,69.76,null,35.52,69.76,36.83,29.46,0,60,C,86,B
153,30159,2017-07-26 10:00:44,2017-07-26 11:00:15 ,505960.6,6478.3,0,0,27,71.7,412.9,.8,0,.1,0,402.1,10.7,1.1,0,.2,.1,0,0,0,0,1,6,1,22.2,99.73,100,99.94,94.67,99.91,31.3,99.78,4.53,9.28,91.26,null,40.5,91.26,36.46,32.89,0,60,C,86,B
154,30160,2017-07-26 11:00:15,2017-07-26 12:00:26 ,512171.8,7060.1,0,0,31.2,74.2,419.8,.9,0,.1,0,411.2,11.5,1.1,0,.2,.1,0,0,0,0,1,5,1,24.8,99.7,100,99.94,95.52,99.85,24.11,99.83,6.82,8.68,93.89,null,42.35,93.89,38.37,28.83,0,60,C,86,B
155,30161,2017-07-26 12:00:26,2017-07-26 13:00:43 ,244154.9,3249.6,0,0,14.6,38.8,192,.6,0,.1,0,187.3,6.5,1,0,.1,0,0,0,0,0,0,4,3,34.6,99.77,100,99.92,93.27,99.83,30.4,99.63,12.43,8.14,.59,null,45.74,50.67,38.24,28.11,0,60,C,84,B
156,30162,2017-07-26 13:00:43,2017-07-26 14:00:08 ,222679.5,3107.4,0,0,14.2,35.3,177,.6,0,.1,0,172.7,6.1,1.1,0,.1,0,0,0,0,0,0,4,4,35.5,99.77,100,99.92,93.02,99.83,37.17,99.56,14.25,7.96,.31,null,48.7,52.55,40.82,23.9,0,60,C,84,B
157,30163,2017-07-26 14:00:08,2017-07-26 15:00:28 ,288817.2,14541.3,0,0,43.6,46.9,245.6,.8,0,.1,0,238.2,8,1.1,0,.2,.1,0,0,0,0,1,2,2,32.5,99.75,100,99.92,94.04,99.91,36.59,99.8,34.11,72.59,71.03,null,36.17,32.95,36.45,30.39,0,60,C,84,B
158,30164,2017-07-26 15:00:28,2017-07-26 16:00:57 ,455350.1,6375.6,0,0,28.2,69.5,382,1.2,0,.1,0,371.4,9.9,1.2,0,.2,0,0,0,0,0,1,5,1,23.5,99.6,100,99.95,95.96,99.76,25.32,99.78,4.97,8.66,17.75,null,42.61,27.19,35.25,32.6,0,60,C,86,B
159,30165,2017-07-26 16:00:57,2017-07-26 17:00:34 ,447413.5,6025.2,0,0,26.4,67.3,365,1,0,.1,0,357.5,9.8,1.2,0,.2,0,0,0,0,0,1,5,1,23.9,99.7,100,99.94,96.18,99.75,29.86,99.74,5.42,8.88,.44,null,43.18,35.45,36.32,35.14,0,60,C,86,B
160,30166,2017-07-26 17:00:34,2017-07-26 18:01:00 ,345121.4,5598,0,0,25.9,56.1,397.7,1.7,.1,.1,0,330.3,8.7,1.1,0,.2,.1,0,0,0,0,1,4,1,29.4,99.63,100,99.9,94.38,99.81,44.35,99.21,11,6.81,11.72,null,34.65,23.44,36.95,28,0,60,C,86,B
161,30167,2017-07-26 18:01:00,2017-07-26 19:00:16 ,299756,6544.9,0,0,18.6,46.6,309.8,.9,0,.1,0,266.9,7.6,1,0,.1,.1,0,0,0,0,0,4,3,39,99.34,100,99.95,94.91,99.86,25.33,99.8,19.11,30.96,74.31,null,31.98,74.31,39.4,33.51,0,60,C,83,B
162,30168,2017-07-26 19:00:16,2017-07-26 20:00:33 ,220245.9,3756.8,0,0,16.1,36.3,225.4,.8,0,.1,0,192.8,6.3,1,0,.1,0,0,0,0,0,0,3,6,39.9,99.77,100,99.94,94.14,99.84,45.88,99.23,13.47,6.3,3.87,null,41.56,45.07,38.22,32.99,0,60,C,84,B
163,30169,2017-07-26 20:00:33,2017-07-26 21:00:07 ,205850.7,2997.5,0,0,14.5,33.8,164.4,.6,0,.1,0,160.3,5.9,1.1,0,.1,0,0,0,0,0,0,3,6,38.8,99.77,100,99.93,93.27,99.79,36.89,99.59,17.29,7.42,4.72,null,49.95,52.07,35.91,24.32,0,60,C,84,B
164,30170,2017-07-26 21:00:07,2017-07-26 22:00:16 ,231429.9,3462,0,0,31.4,36.4,181.4,.8,.1,.1,0,215.1,6.1,1.1,0,.1,0,0,0,0,0,0,3,5,37.4,99.75,100,99.91,91.63,99.78,39.91,99.21,12.99,7.31,9.79,null,48.9,48.31,39.2,25.1,0,60,C,84,B
165,30171,2017-07-26 22:00:16,2017-07-26 23:00:42 ,269271.1,6773.5,.2,0,883.2,43.1,163.8,3.9,.9,1.1,0,197.5,6.1,1.7,0,1.8,.2,.01,0,.01,0,11,10,7,8.6,74.29,99.99,98.7,78.01,99.92,61.04,67.91,29.8,32.29,98.29,null,20.88,57.34,27.8,36.14,0,62,C,76,B
166,30172,2017-07-26 23:00:42,2017-07-27 00:00:56 ,194391.8,2896.1,0,0,332.2,33.1,156.6,.7,.1,.1,0,159.9,5.5,1,0,.1,0,0,0,0,0,12,4,8,24.9,99.79,100,99.87,89.61,99.77,28.73,99.52,10.7,7.22,.27,null,52.03,59.34,40.13,54.24,0,60,C,78,B
167,30173,2017-07-27 00:00:56,2017-07-27 01:00:13 ,325238.9,4609.8,0,0,19.7,46.9,263.4,1.3,.1,.1,0,262.3,7.2,1.1,0,.1,0,0,0,0,0,0,3,3,34.6,99.74,100,99.8,89.07,99.78,35.04,99.32,11.71,7.63,8.96,null,49.5,47.29,37.44,32.02,0,60,C,84,B
168,30174,2017-07-27 01:00:13,2017-07-27 02:00:51 ,526919.7,6375.9,0,0,26.8,65.8,369.7,.7,.1,.1,0,366.7,8.7,1.1,0,.2,0,0,0,0,0,1,4,1,27.9,99.71,100,99.91,86.43,99.73,36.27,99.35,5.81,8.88,4.13,null,49.32,41.67,36.07,31.65,0,60,C,86,B
169,30175,2017-07-27 02:00:51,2017-07-27 03:00:25 ,243221,3313.9,0,0,15.7,38.7,191.9,.7,.1,.1,0,188.1,6.1,1.1,0,.1,0,0,0,0,0,0,3,3,34.2,99.75,100,99.9,89.82,99.79,42.01,99.08,12.64,8.6,.35,null,48.86,48.29,39.35,34.08,0,60,C,84,B
170,30176,2017-07-27 03:00:25,2017-07-27 04:00:39 ,256531.3,3566.1,0,0,16.1,40,202.6,.6,.1,.1,0,198.9,6.2,1,0,.1,0,0,0,0,0,0,3,3,35.8,99.75,100,99.9,89.74,99.79,45.83,99.04,12.03,8.56,1.24,null,49.52,48.79,38.67,29.08,0,60,C,84,B
171,30177,2017-07-27 04:00:39,2017-07-27 05:00:56 ,250954.4,3541.6,0,0,17.3,39.6,197.8,.6,0,.1,0,193.8,6.2,1,0,.1,0,0,0,0,0,0,3,3,37.1,99.72,100,99.93,91.99,99.79,31.86,99.66,12.41,8.36,3.38,null,48.01,42.63,39.29,28.04,0,60,C,84,B
172,30178,2017-07-27 05:00:56,2017-07-27 06:00:22 ,383379.2,5273.2,0,0,22.2,53.1,298.5,.6,.1,.1,0,294.8,7.7,1.1,0,.1,0,0,0,0,0,0,3,2,34.1,99.73,100,99.94,90.44,99.76,30.08,99.71,9.08,8.73,.3,null,50.88,46.35,40.57,35.55,0,60,C,84,B
173,30179,2017-07-27 06:00:22,2017-07-27 07:00:32 ,251119.2,3937.5,0,0,17.2,39.2,203.5,1,.1,.1,0,197.7,6.2,1,0,.1,0,0,0,0,0,0,3,3,38.3,99.75,100,99.92,93.3,99.8,34.84,99.53,12.13,7.42,8.37,null,43.35,43.52,39.48,28.82,0,60,C,84,B
174,30180,2017-07-27 07:00:32,2017-07-27 08:00:58 ,243062.5,3446.5,0,0,18.5,36.5,193.5,.8,.1,.1,0,190.4,6.1,1.1,0,.1,0,0,0,0,0,0,4,3,31.5,99.58,100,99.54,83.38,99.79,37.62,99.25,10.58,8.13,15.83,null,47.48,28.47,40.8,30.35,0,60,C,83,B
175,30181,2017-07-27 08:00:58,2017-07-27 09:00:26 ,233637.7,3366.2,0,0,15.7,38.6,208.9,.8,.1,.1,0,194.4,6.3,1,0,.1,0,0,0,0,0,1,4,2,32.3,99.74,100,99.66,92.08,99.8,31.62,99.65,11.66,8.3,.44,null,45.61,43.96,35.53,40.46,0,60,C,84,B
176,30182,2017-07-27 09:00:26,2017-07-27 10:00:58 ,326786.2,6191,0,0,24.7,54.3,714.7,1.2,.1,.1,0,448.9,8.2,1.2,0,.2,.1,0,0,0,0,1,4,1,35.7,99.73,100,99.87,94.95,99.83,52.25,98.81,10.67,6.39,2.01,null,29.53,27.4,34.89,38.51,0,60,C,86,B
177,30183,2017-07-27 10:00:58,2017-07-27 11:00:14 ,338181.2,4803,0,0,18.1,54.9,374.6,1.9,.1,.1,0,303.5,9.3,1.4,0,.2,0,0,0,0,0,1,6,1,28.7,99.79,100,99.89,97.27,99.84,29.86,99.73,6.54,7.39,1.68,null,28.51,32.07,33.23,23.83,0,60,C,86,B
178,30184,2017-07-27 11:00:14,2017-07-27 12:00:46 ,587296.3,7307.8,0,0,29.1,83.6,466.3,1,0,.1,0,460.4,11,1.2,0,.2,.1,0,0,0,0,1,6,1,24.5,99.72,100,99.94,95.61,99.76,25.3,99.8,4.57,9.85,.38,null,43.45,37.94,38.34,34.29,0,60,C,87,B
179,30185,2017-07-27 12:00:46,2017-07-27 13:00:08 ,418539.2,5262.3,0,0,22.4,62.2,328.8,.7,0,.1,0,324,8.2,1.2,0,.1,0,0,0,0,0,0,5,1,28.6,99.73,100,99.94,93.84,99.78,27.82,99.75,7.1,9.5,.36,null,44.85,40.26,37.15,35.49,0,60,C,86,B
180,30186,2017-07-27 13:00:08,2017-07-27 14:00:43 ,274446.1,3547.1,0,0,16.2,42.3,222.4,.8,0,.1,0,217.7,6.8,1.2,0,.1,0,0,0,0,0,0,5,3,30.9,99.75,100,99.93,93.87,99.8,39.05,99.64,10.45,9.18,.4,null,43.56,42.15,37.58,32.39,0,60,C,84,B
181,30187,2017-07-27 14:00:43,2017-07-27 15:00:21 ,589068.2,8186,0,0,31.4,81.8,564.9,1,0,.1,0,512.3,14.1,1.1,0,.2,.1,0,0,0,0,1,4,1,28.8,99.72,100,99.96,95.25,99.8,21.89,99.84,4.66,8.07,.71,null,36.68,32.83,39.33,28.95,0,60,C,87,B
182,30188,2017-07-27 15:00:21,2017-07-27 16:00:34 ,492462.8,6096.6,0,0,27.3,73.2,405.9,1.1,0,.1,0,397.7,10.6,1.1,0,.2,.1,0,0,0,0,1,5,1,24.6,99.61,100,99.95,95.73,99.8,28.89,99.79,5.23,9.55,19.27,null,37.78,24.25,38.5,40.34,0,60,C,86,B
183,30189,2017-07-27 16:00:34,2017-07-27 17:00:06 ,269000.2,3441.1,0,0,17,45.4,221.7,1,.1,.1,0,216.1,7.5,1.2,0,.1,0,0,0,0,0,1,5,1,25.9,99.71,100,99.91,94.94,99.81,28.99,99.65,8.7,8.71,.88,null,39.96,34.65,34.93,31.34,0,60,C,86,B
184,30190,2017-07-27 17:00:06,2017-07-27 18:00:26 ,646206.7,11450.4,0,0,35.6,82.7,513.1,.9,.1,.1,0,505.2,11.7,1.1,0,.3,.1,0,0,0,0,1,5,1,31,99.76,100,99.95,94.4,99.82,28.07,99.84,6.8,13.07,13.29,null,29.26,31.16,38.06,37.55,0,60,C,86,B
185,30191,2017-07-27 18:00:26,2017-07-27 19:00:39 ,585568.2,7297.9,0,0,28.9,78.1,456.7,1,0,.1,0,450.4,10.2,1.1,0,.2,.1,0,0,0,0,0,4,2,29,99.72,100,99.96,95.87,99.77,27.21,99.81,5.64,9.28,1.59,null,46.49,41.34,40.9,36.62,0,60,C,84,B
186,30192,2017-07-27 19:00:39,2017-07-27 20:00:59 ,367770.4,4827.6,0,0,20.8,50.4,286.2,.7,0,.1,0,281.4,7.8,1.1,0,.1,0,0,0,0,0,0,4,2,34,99.73,100,99.95,93.55,99.79,53.25,98.26,9.13,8.61,2.55,null,45.53,42.05,38.91,41.55,0,60,C,84,B
187,30193,2017-07-27 20:00:59,2017-07-27 21:00:21 ,260804.9,3504.3,0,0,16.2,41.9,205.6,.6,0,.1,0,201.1,6.7,1.1,0,.1,0,0,0,0,0,0,3,4,36.9,99.76,100,99.93,92.74,99.8,34.68,99.59,13.24,8.12,3.97,null,45.9,46.94,38.11,30.51,0,60,C,84,B
188,30194,2017-07-27 21:00:21,2017-07-27 22:00:51 ,243968.7,3479.4,0,0,65.8,37.2,189.8,1.1,.2,.2,0,239.5,6.4,1.4,0,.1,0,0,0,0,0,0,3,8,31.1,99.38,99.95,99.77,84.23,99.8,38.84,99.26,12.65,7.58,41.55,null,42.86,17.57,40.86,24.2,0,60,C,83,B
189,30195,2017-07-27 22:00:51,2017-07-27 23:00:08 ,215603.2,5187.9,.1,0,912.7,33.2,155,3.1,.5,.9,0,169.8,5.8,1.7,0,.8,.1,0,0,.01,0,12,5,187,13.2,91.88,100,99.07,84.09,99.89,59.03,69.78,21.05,35.78,88.32,null,26.03,64.45,36.08,60,0,60,C,72,C
190,30196,2017-07-27 23:00:08,2017-07-28 00:00:19 ,202676,3032.6,0,0,285.8,34.2,162.6,.7,.1,.1,0,165.5,5.7,1.1,0,.1,0,0,0,0,0,11,3,7,23.2,99.75,100,99.87,89.31,99.78,31.11,99.6,8.72,7.25,.25,null,52.38,50.52,40.51,36.11,0,60,C,78,B
191,30197,2017-07-28 00:00:19,2017-07-28 01:00:48 ,319181.9,4544.3,0,0,20.5,45,258,1.3,.2,.1,0,257,7,1.1,0,.1,0,0,0,0,0,0,4,3,31.4,99.71,100,99.78,88.53,99.79,38.25,99.36,10.26,7.55,7.55,null,50.12,43.33,39.97,29.67,0,60,C,84,B
192,30198,2017-07-28 01:00:48,2017-07-28 02:00:07 ,594417.8,7158.2,0,0,29.9,70.5,428.9,.7,.1,.1,0,425.6,9.4,1.1,0,.2,.1,0,0,0,0,1,4,1,27.7,99.7,100,99.92,86.03,99.74,20.81,99.78,5.11,9.13,3.72,null,48.81,40.63,38.24,29.42,0,60,C,86,B
193,30199,2017-07-28 02:00:07,2017-07-28 03:00:51 ,130101.3,1816.5,0,0,10.7,25,103.7,.7,.1,.1,0,99.9,4.8,1.1,0,0,0,0,0,0,0,0,3,9,38.2,99.79,100,99.82,89.58,99.83,35.42,99.24,19.55,7.32,.4,null,46.1,52.38,36.63,23.08,0,60,C,84,B
194,30200,2017-07-28 03:00:51,2017-07-28 04:00:25 ,84513.8,1237.5,0,0,9,20.7,72,.6,.1,.1,0,68.2,4.3,1,0,0,0,0,0,0,0,0,3,16,42.7,99.8,100,99.79,90.62,99.85,43.44,99.06,27.83,6.75,4.5,null,41.35,50.68,32.9,55,0,60,C,84,B
195,30201,2017-07-28 04:00:25,2017-07-28 05:01:00 ,68539.6,1062.9,0,0,9.7,18.9,59.9,.6,0,.1,0,55.9,4.1,1,0,0,0,0,0,0,0,0,2,14,46.8,99.72,100,99.79,92.7,99.87,57.05,95.51,29.42,6.07,10.95,null,35.72,31.05,30.15,33.33,0,60,C,83,B
196,30202,2017-07-28 05:01:00,2017-07-28 06:00:37 ,189435.2,2696.1,0,0,13.7,31.7,152.4,.6,0,.1,0,148,5.5,1,0,.1,0,0,0,0,0,0,4,5,35.8,99.76,100,99.91,91.39,99.83,30.19,99.64,14.24,7.8,3.41,null,40.42,41.32,35.86,27,0,60,C,84,B
197,30203,2017-07-28 06:00:37,2017-07-28 07:00:12 ,53088.1,823.8,0,0,8.6,17.4,55.1,.8,.1,.1,0,49.2,4,1,0,0,0,0,0,0,0,0,2,19,46,99.72,100,99.72,93.35,99.91,46.07,99.17,34.18,5.67,35.9,null,32.37,29.12,25.18,30.77,0,58,C,83,B
198,30204,2017-07-28 07:00:12,2017-07-28 08:00:38 ,52832.3,1063.5,0,0,9.4,17.6,50.5,.8,.1,.1,0,48.2,4,1,0,0,0,0,0,0,0,0,6,13,34.8,99.55,100,98.44,83.84,99.94,39.88,98.85,22.74,6.34,53.59,null,26.52,29.18,26.81,25.71,0,60,C,81,B
199,30205,2017-07-28 08:00:38,2017-07-28 09:00:00 ,200859.9,2969.5,0,0,14.8,34.9,185.9,.8,.1,.1,0,172.8,6.3,1,0,.1,0,0,0,0,0,1,5,4,30.2,99.73,100,99.5,92.56,99.96,34.17,99.58,11.32,8.23,.48,null,43.53,41.63,34.95,30.59,0,60,C,84,B
200,30206,2017-07-28 09:00:00,2017-07-28 10:00:29 ,359028.7,4905.9,0,0,20.6,57.8,304.2,.8,0,.1,0,296.9,9.4,1,0,.2,0,0,0,0,0,1,5,2,25.5,99.73,100,99.89,93.67,99.91,31.75,99.73,6.73,9.11,.83,null,42.76,39.56,36.26,30.58,0,60,C,85,B
201,30207,2017-07-28 10:00:29,2017-07-28 11:00:57 ,470823,6303.6,0,0,25.2,70,382,.9,.1,.1,0,375.9,10.1,1.1,0,.2,0,0,0,0,0,1,5,2,25.6,99.73,100,99.94,94.02,99.9,27.08,99.78,5.4,9.47,.44,null,43.92,40.56,37.4,35.55,0,60,C,85,B
202,30208,2017-07-28 11:00:57,2017-07-28 12:00:17 ,294156.7,8459.5,0,0,18.4,49.7,1480.4,.8,0,.1,0,748,8.3,1,0,.2,.1,0,0,0,0,1,5,2,48.3,99.87,100,99.97,94.32,99.94,30.23,99.89,5.28,11.38,.61,null,20.53,38.97,35.73,28.71,0,60,C,86,B
203,30209,2017-07-28 12:00:17,2017-07-28 13:00:48 ,195150.3,2867.9,0,0,16.8,35.9,174.1,.7,0,.1,0,169.6,6.1,1,0,.1,0,0,0,0,0,0,3,3,33.1,99.65,100,99.91,93.22,99.89,30,99.59,13.08,7.92,.29,null,44.31,31.45,37.57,28.52,0,60,C,84,B
204,30210,2017-07-28 13:00:48,2017-07-28 14:00:08 ,97988.7,1557.8,0,0,10.2,24.1,89.9,.7,0,.1,0,85,5,1,0,0,0,0,0,0,0,0,4,9,39,99.77,100,99.83,92.79,99.92,39.66,99.31,22.76,6.71,.57,null,36.49,38.07,29.71,17.65,0,60,C,84,B
205,30211,2017-07-28 14:00:08,2017-07-28 15:00:28 ,230322.5,7332,0,0,16.5,40.6,205.2,.8,.1,.1,0,197.6,7.1,1.1,0,.1,0,0,0,0,0,1,5,2,35.3,99.87,100,99.89,91.77,99.92,44.16,99.4,8.52,33.9,8.19,null,21.95,36.93,35.04,34.56,0,60,C,84,B
206,30342,2017-08-03 01:00:28,2017-08-03 02:00:48 ,408786.5,5171,0,0,22.8,53.5,292.1,.7,.1,.1,0,288.7,7.4,1.1,0,.1,0,0,0,0,0,0,5,1,28.1,99.71,100,99.91,88.57,99.96,27.85,99.69,7.35,8.96,.09,null,50.92,37.86,34.49,27.41,0,60,C,87,B
207,30343,2017-08-03 02:00:48,2017-08-03 03:00:31 ,17826.4,316.7,0,0,6.7,12,21.9,.6,.1,.1,0,18.3,3.6,1,0,0,0,0,0,0,0,0,2,27,49.7,99.92,100,98.98,86.66,99.99,43.22,98.6,47.35,11.85,.27,null,15.71,37.18,9.83,55.56,0,58,C,83,B
208,30344,2017-08-03 03:00:31,2017-08-03 04:00:06 ,13536.5,281.6,0,0,6.6,11.5,21,.6,.1,.1,0,17.2,3.6,1,0,0,0,0,0,0,0,0,2,30,49.3,99.89,100,99.19,90.2,99.98,54.08,98.53,47.78,13.31,31.17,null,13.4,20.02,10.64,44.44,0,58,C,83,B
209,30345,2017-08-03 04:00:06,2017-08-03 05:00:44 ,14398.3,353.4,0,0,7.7,11.6,21.3,.6,0,.1,0,17.3,3.6,1,0,0,0,0,0,0,0,0,0,38,52.9,99.6,100,99.39,92.14,99.98,59.01,94.59,44.94,10.61,23.06,null,18.16,5.09,10.62,42.86,0,58,C,84,B
210,30346,2017-08-03 05:00:44,2017-08-03 06:00:30 ,138807.6,2235.6,0,0,13.4,25.8,115.9,.5,.1,.1,0,112,5,1,0,.1,0,0,0,0,0,0,4,15,33.1,99.72,100,99.89,90.33,99.99,36.11,99.45,16.56,7.51,.07,null,53.85,41.47,36.11,42.11,0,60,C,83,B
211,30347,2017-08-03 06:00:30,2017-08-03 07:00:17 ,54105,1147.8,0,0,8.7,17,56.9,.9,0,.1,0,51.2,4.1,1,0,0,0,0,0,0,0,0,3,15,42.6,99.81,100,99.76,94.43,99.98,41.58,99.23,27.94,5.94,9.59,null,33.76,38.47,25.24,31.58,0,60,C,84,B
212,30348,2017-08-03 07:00:17,2017-08-03 08:00:54 ,63288.2,1229.8,0,0,9.8,18.1,57.8,.8,.1,.1,0,55.2,4.2,1,0,0,0,0,0,0,0,0,3,14,40.8,99.78,100,98.61,82.49,99.98,42.5,98.87,27,5.47,11.63,null,36.15,36.15,28.11,41.18,0,60,C,83,B
213,30349,2017-08-03 08:00:54,2017-08-03 09:00:17 ,72330.2,2108.8,0,0,11,20.6,170.9,.8,.1,.1,0,107.2,4.7,1.1,0,.1,0,0,0,0,0,0,3,12,47.5,99.81,100,99.7,92.93,99.97,49.68,98.65,30.44,15.58,7.8,null,22.48,25.31,27.33,15.38,0,60,C,83,B
214,30350,2017-08-03 09:00:17,2017-08-03 10:00:42 ,135286.6,2582.7,0,0,12.4,31.8,135.6,.9,0,.1,0,128,6.8,1,0,.1,0,0,0,0,0,1,5,6,31.8,99.78,100,99.83,94.42,99.94,40.95,99.53,12.58,12.51,1.59,null,36.66,36.45,29.65,27.27,0,60,C,84,B
215,30351,2017-08-03 10:00:42,2017-08-03 11:00:11 ,274669.3,4998.4,0,0,18,50.2,258.1,.9,.1,.1,0,248.1,10,1.1,0,.1,0,0,0,0,0,1,6,2,28.3,99.79,100,99.91,93.8,99.93,28.79,99.74,7.14,9.88,1.75,null,34.93,35.4,33.27,33.65,0,60,C,85,B
216,30352,2017-08-03 11:00:11,2017-08-03 12:00:43 ,236540.3,3591.7,0,0,16.7,43.4,199.7,.8,.1,.1,0,194.1,6.9,1.2,0,.1,0,0,0,0,0,1,5,2,27.3,99.73,100,99.9,93.21,99.88,33.9,99.66,9.1,8.36,.38,null,43.22,36.65,34.59,39.58,0,60,C,84,B
217,30353,2017-08-03 12:00:43,2017-08-03 13:00:14 ,154466.9,2156.6,0,0,13,31.1,131.9,.6,0,.1,0,127.6,5.4,1,0,.1,0,0,0,0,0,0,5,3,30.5,99.72,100,99.88,92.89,99.89,40.19,99.46,14.18,9.13,.2,null,44.8,34.26,35.55,37.54,0,60,C,84,B
218,30354,2017-08-03 13:00:14,2017-08-03 14:00:37 ,86253.3,1371.6,0,0,9.9,23.1,83.6,.6,0,.1,0,78.9,4.8,1.1,0,0,0,0,0,0,0,0,5,9,36.2,99.75,100,99.8,91.61,99.91,34.29,99.43,22.16,7.05,.5,null,43.88,39.56,32.61,24.36,0,60,C,84,B
219,30355,2017-08-03 14:00:37,2017-08-03 15:00:08 ,82930.5,3361.4,0,0,10.2,24.1,92.4,.8,0,.1,0,85.8,5.5,1.2,0,.1,0,0,0,0,0,0,5,9,41.1,99.88,100,99.82,93.82,99.95,31.37,99.69,15.1,37.17,4.51,null,56.4,27.1,28.74,26.56,0,60,C,86,B
220,30356,2017-08-03 15:00:08,2017-08-03 16:00:46 ,142866.9,3888.7,0,0,12.2,32.5,147.4,.8,0,.1,0,136.9,6.6,1,0,.1,0,0,0,0,0,1,5,6,34.5,99.86,100,99.89,94.39,99.91,37.96,99.65,11,13.69,1.24,null,34.04,37.15,27.74,27.93,0,60,C,84,B
221,30357,2017-08-03 16:00:46,2017-08-03 17:00:21 ,196033.7,10130,0,0,23.2,41.3,198.6,.9,.1,.1,0,188.7,8.6,1.2,0,.1,.1,0,0,0,0,1,3,4,36.8,99.84,100,99.92,94.43,99.92,29.37,99.81,20.64,53.49,40.62,null,29.03,37.23,32.37,38.35,0,60,C,84,B
222,30358,2017-08-03 17:00:21,2017-08-03 18:00:55 ,230769.8,3508.3,0,0,16.2,41.2,209.1,.7,.1,.1,0,201.5,7.4,1,0,.1,0,0,0,0,0,0,5,3,29,99.74,100,99.93,93.04,99.85,29.55,99.65,10.61,7.8,.61,null,46.02,38.19,34.64,30.62,0,60,C,84,B
223,30359,2017-08-03 18:00:55,2017-08-03 19:00:24 ,276618.6,4301.7,0,0,19.3,45,236.1,1,0,.1,0,230.9,6.8,1,0,.1,0,0,0,0,0,0,5,3,28.5,99.73,100,99.94,95.36,99.82,34.19,99.66,9.47,7.83,.21,null,53.79,41.43,37.31,24.38,0,60,C,84,B
224,30360,2017-08-03 19:00:24,2017-08-03 20:00:49 ,36912.3,644.6,0,0,8.9,16.9,37.5,.7,0,.1,0,33.3,4,1,0,0,0,0,0,0,0,0,2,12,45.3,99.64,100,99.65,93.07,99.97,53.8,98.16,35.09,5.82,13.5,null,25.45,15.09,25.34,31.25,0,58,C,83,B
225,30361,2017-08-03 20:00:49,2017-08-03 21:00:18 ,16812.1,383.3,0,0,7.3,12.5,23.2,.6,0,.1,0,19.2,3.7,1,0,0,0,0,0,0,0,0,1,23,51.3,99.81,100,99.49,92.67,99.99,42.42,98.96,49.88,9.78,41.87,null,25.15,27.24,11.72,22.22,0,58,C,86,B
226,30362,2017-08-03 21:00:18,2017-08-03 22:00:59 ,44407,1031.3,0,0,55.4,15.1,38.8,1.8,.3,.2,0,94.7,4,1.9,0,.1,0,0,0,0,0,0,5,28,28.3,99.52,99.96,98.99,82.83,99.99,58.1,97.7,21.69,24.89,62.07,null,30.37,13.87,25.28,17.39,0,60,C,81,B
227,30363,2017-08-03 22:00:59,2017-08-03 23:00:10 ,30996.3,6386.8,.4,0,857.9,16.4,23.2,3.4,.7,1.2,0,34.9,3.8,1.4,0,1.3,.2,.04,0,.06,.01,12,7,269,12,53.05,100,96.5,78.11,99.99,51.81,65.41,36.58,47.76,98.79,null,40.81,96.39,3.51,33.33,0,62,C,64,C
228,30364,2017-08-03 23:00:10,2017-08-04 00:00:39 ,16509.4,320.3,0,0,346.7,12.5,25.9,.7,.1,.1,0,29,3.7,1.1,0,.1,0,0,0,0,0,22,3,23,22.4,99.83,100,99.31,88.25,99.95,38.68,99.25,17.14,11.7,3.19,null,12.62,37.51,11.57,36.36,0,58,C,76,B
229,30365,2017-08-04 00:00:39,2017-08-04 01:00:05 ,128829.3,2216.5,0,0,18.5,26.8,118.1,1.3,.1,.1,0,117,5,1,0,.1,0,0,0,0,0,1,3,8,29.1,99.46,100,99.61,89.05,99.98,43.28,98.88,16.45,6.15,9.92,null,49.91,46.75,30.7,48.94,0,60,C,84,B
230,30366,2017-08-04 01:00:05,2017-08-04 02:00:24 ,407992.7,5194.2,0,0,32.5,52.4,293.4,.7,.1,.1,0,289.8,7.5,1.2,0,.2,0,0,0,0,0,1,4,1,25.4,99.52,100,99.91,88.81,99.97,37.88,99.31,6.72,8.96,3.63,null,50.96,45.58,34.02,25.65,0,60,C,86,B
231,30367,2017-08-04 02:00:24,2017-08-04 03:00:59 ,30654.2,515.7,0,0,7.5,14.8,32.1,.6,.1,.1,0,28.6,3.8,1,0,0,0,0,0,0,0,0,3,20,45.2,99.75,100,99.31,87.78,99.98,48.29,97.63,38.68,7.27,.89,null,32.51,54.48,23.89,27.27,0,58,C,83,B
232,30368,2017-08-04 03:00:59,2017-08-04 04:00:42 ,12934.1,289.6,0,0,6.7,11.6,21,.6,.1,.1,0,17.1,3.6,1,0,0,0,0,0,0,0,0,2,22,51.2,99.87,100,99.05,87.43,99.98,48.63,97.61,48.53,12.95,25.72,null,13.05,32.46,11.67,42.86,0,58,C,83,B
233,30369,2017-08-04 04:00:42,2017-08-04 05:00:23 ,13702.4,345,0,0,7.9,11.7,20.7,.5,0,.1,0,16.6,3.6,1,0,0,0,0,0,0,0,0,1,23,53.1,99.56,100,99.39,91.97,99.98,34.62,99.09,47.2,10.87,21.21,null,16.88,8.92,10.9,30.77,0,58,C,86,B
234,30370,2017-08-04 05:00:23,2017-08-04 06:00:00 ,13121.2,245.3,0,0,6.5,11.4,20.4,.6,.1,.1,0,16.4,3.6,1,0,0,0,0,0,0,0,0,1,35,53.2,99.92,100,99.18,90.17,99.97,44.71,98.97,52.08,15.29,1.66,null,15.37,9.67,11.74,50,0,58,C,84,B
235,30371,2017-08-04 06:00:00,2017-08-04 07:00:35 ,138590.3,2461.5,0,0,16.2,26.4,123,.9,.1,.1,0,117,5.1,1,0,.1,0,0,0,0,0,1,3,14,33.6,99.63,100,99.89,94.03,99.99,36.73,99.55,14.93,6.82,2.28,null,44.39,50.85,34.52,18.18,0,60,C,82,B
236,30372,2017-08-04 07:00:35,2017-08-04 08:00:15 ,28019.2,720.8,0,0,8.6,13.9,31.6,.8,.1,.1,0,29.4,3.8,1,0,0,0,0,0,0,0,0,4,18,43.1,99.74,100,97.45,83.23,99.98,50.47,97.84,33.95,5.18,16.92,null,25.96,42.49,19.44,50,0,58,C,83,B
237,30373,2017-08-04 08:00:15,2017-08-04 09:00:41 ,58103.6,1581.3,0,0,9.5,18.4,246.1,.7,0,.1,0,131.6,4.5,1,0,.1,0,0,0,0,0,1,4,17,46.5,99.8,100,99.62,93.43,99.99,41.67,99.55,18.9,9.21,.91,null,23.04,50.02,27.53,21.43,0,60,C,84,B
238,30374,2017-08-04 09:00:41,2017-08-04 10:00:03 ,173926.3,4573.8,0,0,16.8,35.7,224.1,.8,0,.1,0,183.5,7.2,1.1,0,.1,0,0,0,0,0,1,4,4,34.7,99.78,100,99.72,94.21,99.99,31.78,99.77,15.23,27.69,2.54,null,30.05,49,32.83,27.8,0,60,C,84,B
239,30375,2017-08-04 10:00:03,2017-08-04 11:00:23 ,215108.5,3494,0,0,20.6,44.1,203,.8,.1,.1,0,195.1,8.6,1.2,0,.1,0,0,0,0,0,1,4,3,26.8,99.61,100,99.88,93.32,99.97,30.89,99.66,8.91,7.24,2.39,null,36.88,40.33,30.97,25.27,0,60,C,85,B
240,30376,2017-08-04 11:00:23,2017-08-04 12:00:01 ,152894.7,6044.5,0,0,16.3,36.6,156.1,.8,.1,.1,0,147.5,7.9,1.2,0,.1,0,0,0,0,0,1,4,6,35.4,99.84,100,99.88,93.81,99.97,31.53,99.74,17.2,53.48,12.84,null,25.56,43.88,30.81,17.86,0,60,C,84,B
241,30377,2017-08-04 12:00:01,2017-08-04 13:00:41 ,66571.1,1190.5,0,0,9.6,23.8,78.3,.7,0,.1,0,72.7,5.8,1,0,0,0,0,0,0,0,1,4,14,38.1,99.73,100,99.81,93.42,99.95,41.24,99.33,23.77,6.26,4.83,null,31,48.34,24.86,22.22,0,60,C,82,B
242,30378,2017-08-04 13:00:41,2017-08-04 14:00:10 ,161427.3,2796.1,0,0,15.1,29.5,144.3,.7,0,.1,0,136.8,5.4,1.1,0,.1,0,0,0,0,0,0,4,2,33.6,99.71,100,99.88,93,99.97,36.36,99.58,13.37,9.83,.22,null,34.02,49.28,38.45,27.88,0,60,C,84,B
243,30379,2017-08-04 14:00:10,2017-08-04 15:00:32 ,225277.2,5336.9,0,0,18.1,40.6,211.2,.8,0,.1,0,203.6,8.2,1.1,0,.1,0,0,0,0,0,0,4,2,32.7,99.79,100,99.93,94.54,99.97,36.07,99.68,9.1,38.12,1.54,null,24.35,50.39,33.69,20.94,0,60,C,84,B
244,30380,2017-08-04 15:00:32,2017-08-04 16:00:13 ,383447,5307.5,0,0,26.9,61.8,362.6,.8,0,.1,0,350.2,10.6,1.1,0,.2,0,0,0,0,0,1,4,2,26.5,99.55,100,99.95,94,99.94,27.01,99.78,6.18,8.78,19.41,null,38.79,36.67,36.91,32.52,0,60,C,84,B
245,30381,2017-08-04 16:00:13,2017-08-04 17:00:33 ,452401.1,5982,0,0,31.3,70.1,401.1,.7,.1,.1,0,389.2,10.6,1.1,0,.2,.1,0,0,0,0,0,4,1,26.3,99.62,100,99.95,93.11,99.91,27.74,99.79,5.51,9.35,.42,null,40.46,45.48,38.28,31.21,0,60,C,87,B
246,30382,2017-08-04 17:00:33,2017-08-04 18:00:04 ,159687.4,2697.3,0,0,14.1,37.5,174.9,.7,0,.1,0,161.1,7.9,1,0,.1,0,0,0,0,0,0,4,4,34.6,99.73,100,99.92,93.78,99.91,36.36,99.59,13.6,6.4,1.77,null,31.33,48.87,30.92,22.16,0,60,C,84,B
247,30383,2017-08-04 18:00:04,2017-08-04 19:00:33 ,51692.4,839.1,0,0,8.6,19.7,62.1,.9,0,.1,0,56.3,4.7,1,0,0,0,0,0,0,0,0,4,9,42.9,99.75,100,99.78,95.27,99.95,43.14,99.19,30.91,5.67,1.16,null,26.57,44.78,24.98,20.31,0,58,C,86,B
248,30384,2017-08-04 19:00:33,2017-08-04 20:00:07 ,26670.3,595,0,0,8.7,15.1,33,.7,0,.1,0,28.6,4,1,0,0,0,0,0,0,0,0,2,26,49.2,99.65,100,99.59,93.15,99.98,57.97,93.38,37.6,7.01,15.42,null,17.49,21.23,16.45,42.86,0,58,C,83,B
249,30385,2017-08-04 20:00:07,2017-08-04 21:00:39 ,17783.6,340.3,0,0,7.2,12.5,24,.5,0,.1,0,19.9,3.7,1,0,0,0,0,0,0,0,0,2,18,50.7,99.79,100,99.47,91.73,99.98,40.23,99.14,48.07,11.02,41.84,null,12.21,23.28,12.09,30.43,0,58,C,83,B
250,30386,2017-08-04 21:00:39,2017-08-04 22:00:14 ,40083.8,768.8,0,0,32.3,15.2,37.1,.8,.1,.1,0,84.3,3.9,1,0,0,0,0,0,0,0,0,2,148,40.3,99.51,99.9,99.69,88.59,99.97,46.32,98.64,26.37,15.55,62.29,null,25.14,21.43,22.42,33.33,0,58,C,81,B
251,30387,2017-08-04 22:00:14,2017-08-04 23:00:52 ,67330.9,1248.3,0,0,840.2,19.6,23.4,3.2,.5,.4,0,40.1,3.9,1.6,0,.4,0,.01,0,.02,0,10,5,39,10.9,93.4,99.99,96.74,83.57,99.97,53.05,95.53,27.63,37.16,82.82,null,10.58,49.68,13.48,25,0,60,C,73,C
252,30388,2017-08-04 23:00:52,2017-08-05 00:00:24 ,13675.3,285.8,0,0,329.8,12.5,22.8,.7,.1,.1,0,26,3.6,1,0,.1,0,0,0,0,0,16,2,27,25.3,99.88,100,99.33,89.08,99.97,36.73,99.31,19.09,13.11,2.59,null,13.21,30.01,11.67,17.65,0,58,C,76,B
253,30389,2017-08-05 00:00:24,2017-08-05 01:00:59 ,149192.2,2203.9,0,0,15.6,28.3,133.7,1.3,.2,.1,0,132.5,5.3,1,0,.1,0,0,0,0,0,0,3,10,31.6,99.59,100,99.57,87.59,99.98,35.75,99.18,16.65,7.19,11.16,null,43.8,46.11,31.3,27.59,0,60,C,84,B
254,30390,2017-08-05 01:00:59,2017-08-05 02:00:30 ,415453.8,4586.7,0,0,26.8,53.8,292,.7,.1,.1,0,288.3,7.5,1.2,0,.1,0,0,0,0,0,0,4,1,28.2,99.59,100,99.91,87.91,99.96,27.89,99.71,7.17,10.05,4.07,null,44.48,44.76,34,25.69,0,60,C,86,B
255,30391,2017-08-05 02:00:30,2017-08-05 03:00:08 ,21819.7,352.3,0,0,6.8,13.2,24.9,.6,.1,.1,0,21.3,3.7,1,0,0,0,0,0,0,0,0,2,20,50.8,99.85,100,99.1,86.45,99.98,41.88,98.8,48.5,10.65,2.23,null,16.15,43.06,14.73,36.36,0,58,C,83,B
256,30392,2017-08-05 03:00:08,2017-08-05 04:00:39 ,27230.1,469,0,0,7.4,13.4,31.4,.6,.1,.1,0,27.6,3.8,1,0,0,0,0,0,0,0,0,3,26,46.7,99.75,100,99.44,90.03,99.98,42.16,98.99,42.04,8,8.86,null,28.42,47.64,21.33,50,0,58,C,83,B
257,30393,2017-08-05 04:00:39,2017-08-05 05:00:05 ,14364.3,387.7,0,0,8.2,11.9,21.2,.6,.1,.1,0,17.1,3.7,1,0,0,0,0,0,0,0,0,0,23,53,99.58,100,99.24,89.76,99.99,56.34,94.39,44.49,9.67,19.58,null,15.09,14.75,10.56,25,0,58,C,85,B
258,30394,2017-08-05 05:00:05,2017-08-05 06:00:40 ,22761.4,728.8,0,0,43.2,12,20.3,1.8,.3,.2,0,76.2,3.7,1.6,0,.1,0,0,0,0,0,0,3,32,37.2,99.52,99.98,98.85,84.54,99.99,52.17,97.63,21.61,35.84,92.83,null,12.76,15.22,10.83,14.29,0,58,C,79,B
259,30395,2017-08-05 06:00:40,2017-08-05 07:00:17 ,147608.6,2262.4,0,0,85.7,28.1,123.8,1.9,.2,.2,0,125.2,5.3,1.2,0,.2,0,0,0,0,0,0,4,19,18.5,99.62,99.98,99.45,89.13,99.98,43.12,99.07,16.91,7.52,5.04,null,38.94,42.5,30.65,54.55,0,60,C,82,B
260,30396,2017-08-05 07:00:17,2017-08-05 08:00:49 ,17279.9,594.9,0,0,7.5,12.5,24,.8,.1,.1,0,21.2,3.7,1,0,0,0,0,0,0,0,0,1,26,53.6,99.86,100,98.74,84.27,99.99,51.28,98.69,42.29,11.32,38.71,null,15.76,34.41,9.72,42.86,0,58,C,85,B
261,30397,2017-08-05 08:00:49,2017-08-05 09:00:26 ,20534.6,389.2,0,0,6.9,13.5,27,.6,.1,.1,0,23.3,3.8,1,0,0,0,0,0,0,0,0,2,21,48.4,99.83,100,97.35,83.13,99.94,39.2,98.51,36.74,9.64,.19,null,24.31,57.48,13.61,66.67,0,58,C,83,B
262,30398,2017-08-05 09:00:26,2017-08-05 10:00:55 ,42776.3,790.8,0,0,8.1,18.5,56.9,.7,.1,.1,0,51.9,5.3,1,0,0,0,0,0,0,0,0,3,22,43.3,99.79,100,98.44,88.36,99.97,50.88,98.7,24.54,7.8,2.92,null,22.77,45.42,18.09,38.46,0,58,C,83,B
263,30399,2017-08-05 10:00:55,2017-08-05 11:00:27 ,97965.8,2143.1,0,0,17,30.1,110.8,1.4,.2,.1,0,160.2,7.2,1.1,0,.1,0,0,0,0,0,0,3,12,33.7,85.51,100,99.53,83.42,99.98,49.21,99.24,40.72,18.2,97.6,null,25.74,97.21,24.26,32.84,0,60,C,81,B
264,30400,2017-08-05 11:00:27,2017-08-05 12:00:58 ,91910,1510.8,0,0,10.7,26.8,96.1,.7,.1,.1,0,90.7,6.1,1,0,0,0,0,0,0,0,0,4,7,34.7,99.72,100,99.7,86.95,99.96,41.67,99.25,14.66,6.19,1.18,null,34.79,51.6,24.12,24.27,0,60,C,84,B
265,30401,2017-08-05 12:00:58,2017-08-05 13:00:45 ,36195.7,619.6,0,0,8,15.7,37.5,.5,.1,.1,0,33.7,3.9,1,0,0,0,0,0,0,0,0,3,25,41.1,99.72,100,99.49,87.14,99.97,41.24,98.92,28.57,6.05,.22,null,36.1,54.12,22.62,50,0,58,C,83,B
266,30402,2017-08-05 13:00:45,2017-08-05 14:00:31 ,35416.5,585,0,0,7.9,15.5,37.9,.6,.1,.1,0,34,4,1.1,0,0,0,0,0,0,0,0,3,22,41.6,99.72,100,99.4,87.17,99.98,45.74,98.84,28.88,6.41,.15,null,32.09,49.16,21.48,62.5,0,58,C,83,B
267,30403,2017-08-05 14:00:31,2017-08-05 15:00:12 ,33796.1,743.7,0,0,11.3,15.4,33,1.2,.2,.1,0,85.2,3.9,1.1,0,0,0,0,0,0,0,0,2,33,37.8,99.32,100,99.34,83.48,99.98,51.85,98.01,23.17,28.49,58.79,null,20.3,12.9,17.75,30,0,58,C,79,B
268,30404,2017-08-05 15:00:12,2017-08-05 16:00:52 ,36613.4,673.7,0,0,8.2,16.1,44,.6,.1,.1,0,40,4.1,1.1,0,0,0,0,0,0,0,0,3,17,41.4,99.02,100,99.45,85.96,99.97,40.52,98.46,26.54,5.57,70.22,null,36,70.22,22.11,26.67,0,58,C,83,B
269,30405,2017-08-05 16:00:52,2017-08-05 17:00:33 ,38187.7,667.1,0,0,8.4,17.2,43.7,.6,.1,.1,0,39.6,4.3,1,0,0,0,0,0,0,0,0,3,13,41.3,99.74,100,99.56,87.52,99.98,41.29,98.41,26.51,5.62,.67,null,32.1,50.76,21.7,25,0,58,C,83,B
270,30406,2017-08-05 17:00:33,2017-08-05 18:00:16 ,26112.6,514.9,0,0,7.3,15.1,34.1,.6,.1,.1,0,30,4.1,1,0,0,0,0,0,0,0,0,3,18,45.3,99.8,100,99.34,87.21,99.98,47.3,98.08,32.96,7.28,.93,null,27.16,55.09,16.7,30,0,58,C,83,B
271,30407,2017-08-05 18:00:16,2017-08-05 19:00:48 ,24923.2,675.6,0,0,11.2,15.4,37.5,1.4,.2,.1,0,86.8,4.2,1.1,0,0,0,0,0,0,0,0,1,34,41.1,99.26,100,99.41,86.11,99.98,53.46,97.63,22,24.65,79.95,null,12.6,11.69,10.7,20,0,58,C,83,B
272,30408,2017-08-05 19:00:48,2017-08-05 20:00:25 ,21023.1,462.4,0,0,8.5,13.7,26.8,.6,.1,.1,0,22.8,3.8,1,0,0,0,0,0,0,0,0,1,28,47.9,99.61,100,99.26,86.7,99.98,58.16,91.37,31.57,8.11,17.76,null,15.15,16.55,11.45,42.86,0,58,C,85,B
273,30409,2017-08-05 20:00:25,2017-08-05 21:01:03 ,20028.3,392.3,0,0,7.5,13,25.6,.5,.1,.1,0,21.8,3.7,1,0,0,0,0,0,0,0,0,2,26,46.2,99.75,100,99.28,87.09,99.98,46.72,98.14,35.4,9.56,32.33,null,22.07,37.83,13.4,33.33,0,58,C,83,B
274,30410,2017-08-05 21:01:03,2017-08-05 22:00:49 ,34097.6,585.7,0,0,8.8,14.3,37.5,.6,.1,.1,0,33.6,3.9,1,0,0,0,0,0,0,0,0,3,25,47.1,99.72,100,99.47,86.88,99.98,47.41,98.79,43.33,6.4,.21,null,36.57,53.49,25.17,33.33,0,58,C,83,B
275,30411,2017-08-05 22:00:49,2017-08-05 23:00:00 ,17771,500.5,0,0,43.3,12.2,21.5,1,.2,.1,0,73.7,3.7,1,0,0,0,0,0,0,0,0,0,29,49.4,99.42,100,99.33,83.04,99.98,52.79,98.05,32.51,37.14,87.26,null,10.18,19.45,9.43,40,0,58,C,85,B
276,30412,2017-08-05 23:00:00,2017-08-06 00:00:05 ,12429.6,271,0,0,59.2,11.3,21.1,.6,.1,.1,0,17.2,3.6,1.1,0,0,0,0,0,0,0,0,1,30,51.6,99.91,100,99.08,87.3,99.98,49,99.04,39.71,13.84,8.49,null,13.96,40.15,12.43,22.22,0,58,C,86,B
277,30413,2017-08-06 00:00:05,2017-08-06 01:00:13 ,74218.3,1176.5,0,0,72.1,20.2,76.9,1.3,.2,.1,0,75.4,4.5,1,0,.1,0,0,0,0,0,1,3,14,35.6,99.59,100,99.36,87.87,99.98,41.72,99.06,19.95,5.54,21.16,null,35.79,39.54,24.81,26.67,0,60,C,82,B
278,30414,2017-08-06 01:00:13,2017-08-06 02:00:26 ,322784.2,4006.7,0,0,90.3,42.8,228.9,.6,.1,.1,0,225.5,6.6,1.1,0,.1,0,0,0,0,0,1,4,2,24.2,99.57,100,99.9,87.84,99.97,27.21,99.68,6.78,8.7,4.42,null,50.42,49.31,33.94,21.06,0,60,C,84,B
279,30415,2017-08-06 02:00:26,2017-08-06 03:00:49 ,102398.8,1592.3,0,0,50.8,24.1,90,.6,.1,.1,0,86.3,4.6,1,0,.1,0,0,0,0,0,0,3,20,36.4,99.63,100,99.77,85.39,99.95,33.33,99.49,18.04,7.14,.2,null,49.21,56.17,30.13,22.73,0,60,C,82,B
280,30416,2017-08-06 03:00:49,2017-08-06 04:00:06 ,48950.8,772.8,0,0,44.8,16.9,49.5,.6,.1,.1,0,45.5,4,1.3,0,0,0,0,0,0,0,0,3,23,42.8,99.68,100,99.69,88.3,99.99,41.41,99.2,29.32,6.47,4.31,null,37.92,49.92,27.02,28.57,0,58,C,84,B
281,30417,2017-08-06 04:00:06,2017-08-06 05:00:22 ,14457.7,399.5,0,0,41.2,12.1,21,.5,.1,.1,0,16.9,3.6,1,0,0,0,0,0,0,0,0,0,26,54.7,99.6,100,99.31,88.64,99.98,36.17,99.33,40.24,9.39,19.83,null,15.28,16.32,9.84,28.57,0,58,C,86,B
282,30418,2017-08-06 05:00:22,2017-08-06 06:00:57 ,28844.3,933.4,0,0,106.8,13.5,25.5,2.2,.3,.3,0,81.9,4.3,1.9,0,.1,0,0,0,0,0,0,2,38,34.5,99.45,99.98,98.73,84.81,99.98,53.48,98.02,20.57,33.75,71.62,null,14.23,10.3,10.29,42.86,0,58,C,79,B
283,30419,2017-08-06 06:00:57,2017-08-06 07:00:20 ,141091.9,2173.3,0,0,97.8,27.5,121.9,1.5,.2,.2,0,121.2,5.2,1.3,0,.1,0,0,0,0,0,0,3,18,25.1,99.33,100,99.56,87.53,99.98,40.59,98.83,11.91,7.71,42.39,null,43.71,28.02,33.03,42.86,0,60,C,81,B
284,30420,2017-08-06 07:00:20,2017-08-06 08:00:45 ,14257.2,302,0,0,35.8,11.7,20.8,.6,.1,.1,0,17.1,3.6,1,0,0,0,0,0,0,0,0,1,28,54.4,99.8,100,98.86,88.28,99.98,39.66,98.93,45.58,12.42,54.57,null,14.01,31.18,9.97,30,0,58,C,85,B
285,30421,2017-08-06 08:00:45,2017-08-06 09:00:05 ,19802.3,353.2,0,0,37.5,12.6,26.2,.6,.1,.1,0,22.3,3.7,1,0,0,0,0,0,0,0,0,2,16,51.9,99.84,100,99.27,89.14,99.99,47.19,99.12,39.42,10.62,1.45,null,18.87,46.78,14.8,27.27,0,58,C,83,B
286,30422,2017-08-06 09:00:05,2017-08-06 10:00:19 ,23996.9,405.7,0,0,63.3,13.9,29.4,.6,.1,.1,0,25.6,3.8,1.1,0,0,0,0,0,0,0,0,2,12,48.2,99.81,100,99.35,88.36,99.98,41.67,99.05,29.26,9.24,.92,null,23.08,48.56,16.99,44.44,0,58,C,84,B
287,30423,2017-08-06 10:00:19,2017-08-06 11:00:38 ,31206.2,687.1,0,0,68.6,15.1,30.6,1.2,.2,.1,0,82.2,3.9,1.1,0,0,0,0,0,0,0,0,1,21,41.7,99.38,100,99.35,86.1,99.98,50.52,98.34,20.92,28.92,63.86,null,17.05,12.71,14.95,33.33,0,58,C,85,B
288,30424,2017-08-06 11:00:38,2017-08-06 12:00:43 ,33581.9,512.2,0,0,46,15.8,36.9,.6,.1,.1,0,32.8,4.1,1.2,0,0,0,0,0,0,0,0,3,20,45.9,99.81,100,99.41,88.21,99.98,42.71,99.11,25.55,7.32,.89,null,20.37,41.57,17.25,40,0,58,C,84,B
289,30425,2017-08-06 12:00:43,2017-08-06 13:00:57 ,27284.8,599.8,0,0,45.2,16.4,39.2,.7,.1,.1,0,34.7,4.5,1.3,0,0,0,0,0,0,0,0,2,20,46.2,99.82,100,99.6,91.41,99.98,43,98.98,28.11,6.25,2.33,null,26.38,60.08,14.13,75,0,58,C,84,B
290,30426,2017-08-06 13:00:57,2017-08-06 14:00:16 ,18352.6,368,0,0,71.8,13.4,27,.6,.1,.1,0,23,3.9,1,0,0,0,0,0,0,0,0,2,22,50,99.86,100,99.42,90.07,99.99,40.43,98.99,34.97,10.19,1.68,null,17.36,53.91,13.5,37.5,0,58,C,83,B
291,30427,2017-08-06 14:00:16,2017-08-06 15:00:27 ,26040,638.2,0,0,108.8,14.1,27.3,1.2,.2,.1,0,78.9,3.8,1.1,0,0,0,0,0,0,0,0,1,25,39.1,99.39,100,99.31,82.64,99.98,47.27,97.99,22.01,32.33,70.68,null,16.84,14.02,12.45,18.75,0,58,C,84,B
292,30428,2017-08-06 15:00:27,2017-08-06 16:00:35 ,15332.2,315.7,0,0,107.2,12.3,25.6,.6,.1,.1,0,21.8,3.7,1,0,0,0,0,0,0,0,0,2,21,50.5,99.88,100,99.23,86.87,99.98,43.48,98.93,35.48,11.88,2.22,null,15.32,54.52,10.99,23.08,0,58,C,83,B
293,30429,2017-08-06 16:00:35,2017-08-06 17:00:54 ,14837.3,311.7,0,0,105.5,12.1,22.3,.6,.1,.1,0,18.4,3.7,1,0,0,0,0,0,0,0,0,1,21,50.1,99.87,100,99.3,89.67,99.98,40.63,98.93,36.39,12.03,1.7,null,20.08,58.15,13.46,25,0,58,C,86,B
294,30430,2017-08-06 17:00:54,2017-08-06 18:00:26 ,18436.3,383.9,0,0,58.6,13.7,27.9,.6,.1,.1,0,30.9,3.9,1.1,0,0,0,0,0,0,0,0,1,24,49.6,99.86,100,99.46,88.71,99.99,43.18,99.19,27.55,9.77,.14,null,19.61,56.32,11.82,23.53,0,58,C,86,B
295,30431,2017-08-06 18:00:26,2017-08-06 19:00:09 ,16884.5,516.6,0,0,9.9,12.5,26.9,1.4,.1,.1,0,77.3,3.7,1.1,0,0,0,0,0,0,0,0,1,28,42.7,98.56,100,99.44,89.41,99.98,40.98,98.64,30.12,33.97,59.56,null,9.78,12.29,8.78,23.81,0,58,C,85,B
296,30432,2017-08-06 19:00:09,2017-08-06 20:00:41 ,23283.1,508.5,0,0,8.5,14,30.4,.6,.1,.1,0,26.2,4,1.2,0,0,0,0,0,0,0,0,1,29,47.6,99.6,100,99.38,88.24,99.99,48.04,97.76,32.5,7.38,15.49,null,18.95,20.12,14.24,60,0,58,C,85,B
297,30433,2017-08-06 20:00:41,2017-08-06 21:00:09 ,15292.5,340.9,0,0,7.6,12.2,22.2,.6,.1,.1,0,18.4,3.7,1,0,0,0,0,0,0,0,0,1,31,52.1,99.77,100,99.26,90.24,99.99,35.24,99.11,51.37,11,39.06,null,18.92,33.48,10.71,37.5,0,58,C,84,B
298,30434,2017-08-06 21:00:09,2017-08-06 22:00:50 ,33063,516.6,0,0,8.3,14,36.5,.5,.1,.1,0,32.5,3.9,1,0,0,0,0,0,0,0,0,3,20,45.6,99.75,100,99.6,89.61,99.98,42.86,99.07,39.37,7.26,.18,null,30.48,50.17,25.67,53.33,0,58,C,84,B
299,30435,2017-08-06 22:00:50,2017-08-06 23:00:16 ,18126.1,514.1,0,0,1068.1,12.6,22.4,1.1,.2,.2,0,81.8,3.7,1.3,0,.1,0,0,0,0,0,20,2,32,22.6,99.36,100,99.4,83.52,99.96,52.53,98.15,12.01,39.65,84.83,null,9.87,16.83,9.54,33.33,0,58,C,74,C
300,30436,2017-08-06 23:00:16,2017-08-07 00:00:51 ,15073.9,535.4,0,0,6.4,11.5,25,.8,.1,.1,0,22.2,3.7,1,0,0,0,0,0,0,0,1,2,26,44.8,99.95,100,97.05,84.01,99.98,44.37,98.64,37.26,12.56,2.71,null,16.11,43.98,11.91,41.67,0,58,C,83,B
301,30437,2017-08-07 00:00:51,2017-08-07 01:00:40 ,53082.9,835.7,0,0,8.2,17,53.8,1.2,.1,.1,0,52.4,4.2,1,0,0,0,0,0,0,0,0,3,9,45.1,99.77,100,98.97,88.27,99.97,47.17,98.52,35.97,4.49,8.71,null,26.49,48.14,15.63,16.28,0,58,C,85,B
302,30438,2017-08-07 01:00:40,2017-08-07 02:00:15 ,288320.9,3195.8,0,0,19.7,38.1,190.8,.6,.1,.1,0,187.4,6,1.2,0,.1,0,0,0,0,0,0,3,1,30.6,99.62,100,99.82,87.34,99.97,27.22,99.57,10.55,9.03,.25,null,46.98,51.21,30.29,25.31,0,60,C,86,B
303,30439,2017-08-07 02:00:15,2017-08-07 03:00:52 ,34652.3,548.3,0,0,7.8,15.1,36.3,.6,.1,.1,0,32.6,3.9,1,0,0,0,0,0,0,0,0,3,12,43.9,99.75,100,99.28,87.76,99.97,42.86,98.71,36.46,6.84,.22,null,32.54,52.38,22.05,25,0,58,C,83,B
304,30440,2017-08-07 03:00:52,2017-08-07 04:00:21 ,22705.8,394.4,0,0,7.1,13.3,28.9,.6,.1,.1,0,24.9,3.8,1,0,0,0,0,0,0,0,0,3,24,47.6,99.79,100,99.28,89.98,99.98,50.76,98.29,42.29,9.51,12.76,null,20.01,39.86,20.28,27.27,0,58,C,83,B
305,30441,2017-08-07 04:00:21,2017-08-07 05:00:58 ,23940,549.6,0,0,8.6,13.3,29.3,.5,0,.1,0,25.2,3.8,1,0,0,0,0,0,0,0,0,1,24,49.3,99.59,100,99.44,90.53,99.99,58.39,94.59,38.62,7.47,14.42,null,28.15,30.22,16.27,50,0,58,C,86,B
306,30442,2017-08-07 05:00:58,2017-08-07 06:00:33 ,149216.1,2127,0,0,15.3,27.6,124.2,.5,0,.1,0,120,5.2,1,0,.1,0,0,0,0,0,0,3,18,33.3,99.61,100,99.88,91.37,99.99,35.29,99.51,16.44,8.51,.2,null,48.94,52.57,34.16,19.05,0,60,C,82,B
307,30443,2017-08-07 06:00:33,2017-08-07 07:00:52 ,29633,784.7,0,0,8.1,14.5,39.3,.9,.1,.1,0,33.5,3.8,1,0,0,0,0,0,0,0,0,2,24,48.6,99.82,100,99.57,94.37,99.98,33.7,99.36,35.8,8.61,14.46,null,20.76,47.53,19.87,22.22,0,58,C,83,B
308,30444,2017-08-07 07:00:52,2017-08-07 08:00:33 ,28641.6,514.8,0,0,8.3,14.2,33.2,.6,0,.1,0,29.2,3.8,1,0,0,0,0,0,0,0,0,2,24,46.9,99.7,100,99.53,91.92,99.98,50,98.36,39.29,7.28,20.52,null,31.61,44.39,20.97,50,0,58,C,83,B
309,30445,2017-08-07 08:00:33,2017-08-07 09:00:04 ,97598.5,3408.3,0,0,12.3,22.8,631.4,.7,.1,.1,0,308.9,5.1,1.1,0,.1,0,0,0,0,0,0,4,10,49.3,99.85,100,99.83,91.04,99.99,35,99.74,10.94,12.77,95.61,null,19.16,95.61,32.49,40.82,0,60,C,85,B
310,30446,2017-08-07 09:00:04,2017-08-07 10:00:36 ,301145.6,4206.1,0,0,24.6,57.5,267.8,1.3,.1,.1,0,256.7,11.4,1.1,0,.2,0,0,0,0,0,1,4,2,24.7,99.59,100,99.86,95.87,99.95,27.61,99.73,6.69,7.8,75.62,null,33.91,75.63,33.53,25.86,0,60,C,84,B
311,30447,2017-08-07 10:00:36,2017-08-07 11:00:02 ,310634.6,4554,0,0,23.6,59.4,274.3,1.3,0,.1,0,261.1,11.6,1.1,0,.2,0,0,0,0,0,1,6,1,20.7,99.68,100,99.93,96.06,99.94,32.58,99.71,6.3,7.84,95.92,null,31.91,95.93,32.11,23.22,0,60,C,86,B
312,30448,2017-08-07 11:00:02,2017-08-07 12:00:27 ,328719.3,4658.7,0,0,25.1,62.4,291.9,.9,.1,.1,0,281.3,12.3,1.1,0,.2,0,0,0,0,0,1,4,1,24.4,99.64,100,99.93,94.12,99.89,29.46,99.74,6.04,7.76,90.63,null,33.23,90.64,33,19.35,0,60,C,86,B
313,30449,2017-08-07 12:00:27,2017-08-07 13:00:02 ,92929,1586.6,0,0,11,25.7,86.5,1,.2,.1,0,84.2,5.2,1,0,.1,0,0,0,0,0,0,4,11,34.4,99.73,100,97.92,83.65,99.91,40.98,98.92,18.12,6.05,3.42,null,29.92,45.63,28.97,23.4,0,60,C,82,B
314,30450,2017-08-07 13:00:02,2017-08-07 14:00:36 ,82265,1218.6,0,0,10.2,22.6,80.4,.7,0,.1,0,74.7,4.9,1,0,0,0,0,0,0,0,0,4,6,35,99.68,100,99.56,93.14,99.9,36.56,99.43,21.63,7.43,.28,null,37.13,49.02,26.91,17.54,0,60,C,84,B
315,30451,2017-08-07 14:00:36,2017-08-07 15:00:56 ,185751.1,2512.6,0,0,15.3,36.4,170.3,.8,0,.1,0,164.3,7.1,1,0,.1,0,0,0,0,0,1,5,3,26.7,99.67,100,99.84,94.17,99.9,29.6,99.6,10.57,8.64,.81,null,37.67,47.2,32.29,29.1,0,60,C,84,B
316,30452,2017-08-07 15:00:56,2017-08-07 16:00:12 ,238422.5,4045.2,0,0,20.7,47.5,235.6,.9,.1,.1,0,225.6,9.4,1.1,0,.1,0,0,0,0,0,1,4,3,28,99.66,100,99.89,92.61,99.87,30.7,99.73,8.21,8.46,17.03,null,32.81,41.45,34.28,35.21,0,60,C,84,B
317,30453,2017-08-07 16:00:12,2017-08-07 17:00:35 ,392214.5,5948.8,0,0,27.3,59.5,355.7,1,.1,.1,0,344.8,10,1,0,.2,.1,0,0,0,0,1,4,2,26.9,99.68,100,99.92,93.82,99.85,27.21,99.78,5.91,8.5,.65,null,32.72,41.91,35.48,33.04,0,60,C,84,B
318,30454,2017-08-07 17:00:35,2017-08-07 18:00:58 ,516323.8,7545.7,0,0,34,75.1,490.7,.8,.1,.1,0,475.7,11.6,1.1,0,.2,.1,0,0,0,0,0,4,2,29.5,99.66,100,99.95,93.21,99.84,22.88,99.86,8.96,8.42,1.22,null,35.15,44.72,38.37,38.29,0,60,C,84,B
319,30455,2017-08-07 18:00:58,2017-08-07 19:00:29 ,424301.2,5671.8,0,0,27.9,65.9,403.3,1,0,.1,0,394.9,10.4,1.1,0,.2,0,0,0,0,0,0,4,2,29.4,99.65,100,99.95,95.28,99.84,26.67,99.77,6.44,9.05,.36,null,38.78,46.56,39.01,35.13,0,60,C,84,B
320,30456,2017-08-07 19:00:29,2017-08-07 20:00:52 ,88301.4,1349.6,0,0,11.8,23.9,81.7,.7,0,.1,0,76.9,5,1.1,0,0,0,0,0,0,0,0,3,10,38.7,99.62,100,99.84,93.25,99.89,52.72,96.67,22.19,6.95,6.21,null,33.9,37.29,29.61,32.5,0,60,C,84,B
321,30457,2017-08-07 20:00:52,2017-08-07 21:00:29 ,49091.3,799.3,0,0,9.1,18.8,52.8,.6,0,.1,0,48.2,4.5,1,0,0,0,0,0,0,0,0,3,10,43.1,99.71,100,99.74,92.69,99.96,35.24,99.27,32.26,5.91,13.43,null,28.56,39.75,23.45,39.62,0,58,C,85,B
322,30458,2017-08-07 21:00:29,2017-08-07 22:00:01 ,246185.5,3230.9,0,0,19.8,39.4,201,.6,.1,.1,0,196.4,6.5,1,0,.1,0,0,0,0,0,0,4,6,30.5,99.62,100,99.93,91.67,99.98,40.43,99.44,11.47,9.59,.21,null,45.97,49.08,35.5,27.13,0,60,C,84,B
323,30459,2017-08-07 22:00:01,2017-08-07 23:00:28 ,97575,1328.8,0,0,925.5,24.4,31.6,3.5,.6,.4,0,97.2,4.1,1.9,0,.8,0,.01,0,.03,0,11,6,15,5.4,93.32,99.98,97.96,81.77,99.94,45.36,98.45,22.49,41.47,73.53,null,6.54,51.56,12.24,60.56,0,60,C,71,C
324,30460,2017-08-07 23:00:28,2017-08-08 00:00:06 ,15075.8,355.9,0,0,269.5,13.1,23.7,.7,.1,.1,0,26.9,3.6,1.2,0,.1,0,0,0,0,0,19,2,34,23,99.85,100,99.33,89.11,99.97,44.83,98.51,16.88,10.53,1.8,null,23.59,52.57,11.59,42.86,0,58,C,74,C
325,30461,2017-08-08 00:00:06,2017-08-08 01:00:50 ,149077.7,2322.7,0,0,17.9,31.5,134.9,1.4,.2,.9,0,133.8,5.3,1.1,0,.1,0,0,0,0,0,0,3,8,32.9,99.65,99.98,99.59,88.8,99.96,47.99,97.73,21.38,6.88,90.76,null,42.77,4.87,8.67,26.03,0,60,C,84,B
326,30462,2017-08-08 01:00:50,2017-08-08 02:00:18 ,416607.9,4692.7,0,0,25.9,53.6,294.1,.7,.1,.1,0,290.5,7.5,1,0,.1,0,0,0,0,0,0,4,1,28.5,99.62,100,99.9,87.49,99.93,37.5,99.36,7.15,9.9,.2,null,45.25,47.89,34.54,26.61,0,60,C,86,B
327,30463,2017-08-08 02:00:18,2017-08-08 03:00:02 ,18299,337.3,0,0,6.9,12.8,22.6,.6,.1,.1,0,19,3.7,1,0,0,0,0,0,0,0,0,1,24,51.3,99.86,100,98.99,86.19,99.97,49.14,98.49,48,11.12,.16,null,18.86,52.14,11.12,37.5,0,58,C,85,B
328,30464,2017-08-08 03:00:02,2017-08-08 04:00:39 ,14253.1,285.3,0,0,6.6,12,22.3,.6,.1,.1,0,18.3,3.7,1,0,0,0,0,0,0,0,0,1,34,52.5,99.85,100,99.13,89.91,99.98,48.92,98.27,50.74,13.15,22.25,null,13.22,21.34,10.28,80,0,58,C,83,B
329,30465,2017-08-08 04:00:39,2017-08-08 05:00:14 ,13919.8,349.7,0,0,7.9,11.7,21,.6,0,.1,0,17,3.6,1,0,0,0,0,0,0,0,0,0,33,53.7,99.55,100,99.34,91.83,99.98,57.78,94.79,45.82,10.72,20.84,null,16.68,10.91,10.66,33.33,0,58,C,83,B
330,30466,2017-08-08 05:00:14,2017-08-08 06:01:03 ,12885.5,513,0,0,7.1,11.4,21.3,.5,.1,.1,0,16.6,3.7,1,0,0,0,0,0,0,0,0,1,22,52.6,99.9,100,99.28,90.24,99.98,44.44,99.1,45.94,13.06,38.99,null,19.91,30.23,12.19,23.53,0,58,C,86,B
331,30467,2017-08-08 06:01:03,2017-08-08 07:00:53 ,150057.9,2110.6,0,0,14.4,27.2,130.8,.8,0,.1,0,125.3,5.3,1.2,0,.1,0,0,0,0,0,0,3,16,32.1,99.63,100,99.91,94.48,99.99,33.03,99.52,15.54,8.65,.18,null,46.75,52.18,34.05,36,0,60,C,82,B
332,30468,2017-08-08 07:00:53,2017-08-08 08:00:33 ,15551.3,297.5,0,0,7.3,12,21.4,.6,.1,.1,0,17.3,3.7,1,0,0,0,0,0,0,0,0,1,30,53,99.82,100,99.26,89.73,99.99,47.01,98.4,49.87,12.6,62.12,null,12.72,19.44,9.25,50,0,58,C,85,B
333,30469,2017-08-08 08:00:33,2017-08-08 09:00:05 ,88589.8,2388.8,0,0,12.5,23,355.5,.8,.1,.1,0,192.7,5.1,1.1,0,.1,0,0,0,0,0,0,3,10,46.8,99.77,100,99.93,93.03,99.99,53.99,98.57,26.07,8.76,5.84,null,22.13,39.75,28.9,23.94,0,60,C,85,B
334,30470,2017-08-08 09:00:05,2017-08-08 10:00:27 ,286919.1,3964.2,0,0,21.5,48,253,.8,.1,.1,0,244.2,8.2,1.1,0,.2,0,0,0,0,0,1,5,2,21.9,99.64,100,99.93,93.4,99.98,23.91,99.73,6.56,9.03,.63,null,42.23,49.83,36.29,33.82,0,60,C,85,B
335,30471,2017-08-08 10:00:27,2017-08-08 11:00:44 ,267154,10634.7,0,0,54.2,47.8,232.2,.8,.1,.1,0,225.5,8,1.1,0,.2,.1,0,0,0,0,1,3,3,23.3,99.56,100,99.93,93.45,99.98,34.17,99.79,32.04,64.34,70.56,null,31.5,51.8,34.59,32.6,0,60,C,84,B
336,30472,2017-08-08 11:00:44,2017-08-08 12:00:07 ,437876.5,5682.5,0,0,28.8,62.2,394.2,.7,.1,.1,0,387.3,9.5,1.1,0,.2,0,0,0,0,0,1,5,2,21.9,99.63,100,99.96,92.72,99.91,26.03,99.77,4.83,9.59,.43,null,40.97,46.35,39.12,36.75,0,60,C,85,B
337,30473,2017-08-08 12:00:07,2017-08-08 13:00:41 ,158589.9,2040.9,0,0,14.2,31.2,147.3,.6,0,.1,0,142.6,5.5,1,0,.1,0,0,0,0,0,1,4,8,29.3,99.64,100,99.92,92.51,99.91,39,99.52,13.13,8.83,.21,null,36.37,40.58,34.9,37.18,0,60,C,84,B
338,30474,2017-08-08 13:00:41,2017-08-08 14:00:13 ,64592.3,1191.8,0,0,9.6,22.3,82.1,.7,0,.1,0,75.5,6.1,1,0,0,0,0,0,0,0,1,3,17,35.3,99.73,100,99.84,92.71,99.98,41.11,99.38,22.09,8.04,5.47,null,24.84,37.73,23.16,41.18,0,60,C,82,B
339,30475,2017-08-08 14:00:13,2017-08-08 15:01:02 ,149148.2,2441.4,0,0,16,32,143.7,.7,0,.1,0,136,6.4,1.2,0,.1,0,0,0,0,0,1,3,3,27.5,99.63,100,99.91,92.96,99.97,35.71,99.56,11.84,7.17,1.44,null,35.74,38.86,32,27.43,0,60,C,84,B
340,30476,2017-08-08 15:01:02,2017-08-08 16:00:34 ,289458,4036.3,0,0,22,53,272.5,.9,.1,.1,0,263.2,10.3,1.2,0,.2,0,0,0,0,0,1,4,2,22.9,99.64,100,99.94,94.05,99.95,24.81,99.75,6.66,8.31,1.69,null,35.98,49.96,33.23,27.39,0,60,C,85,B
341,30477,2017-08-08 16:00:34,2017-08-08 17:00:06 ,320844.4,4583.5,0,0,21.6,58.1,299.7,.9,.1,.1,0,288.7,11.7,1.2,0,.2,0,0,0,0,0,1,5,2,23.2,99.7,100,99.95,94.4,99.9,27.14,99.73,6.13,8.05,1.56,null,34.61,47.12,33.42,30.78,0,60,C,85,B
342,30478,2017-08-08 17:00:06,2017-08-08 18:00:34 ,243073.4,3294.3,0,0,17.3,47.7,220,.8,0,.1,0,211.6,8.8,1.2,0,.1,0,0,0,0,0,1,5,2,24.1,99.7,100,99.93,94.06,99.89,31.2,99.66,8,8.66,1.25,null,33.66,43.89,35.47,30.25,0,60,C,84,B
343,30479,2017-08-08 18:00:34,2017-08-08 19:00:12 ,153292.6,2564.1,0,0,13.4,38.9,174,1.1,.1,.1,0,162.9,9.5,1,0,.1,0,0,0,0,0,1,4,3,31.4,99.75,100,99.92,95.36,99.91,40,99.53,12.67,7.6,2.73,null,27.79,44.58,28.84,15.12,0,60,C,84,B
344,30480,2017-08-08 19:00:12,2017-08-08 20:00:40 ,60780.5,1131.8,0,0,10.7,22.4,71.3,.7,0,.1,0,65.4,5.7,1.1,0,0,0,0,0,0,0,0,2,7,40.7,99.65,100,99.83,93.29,99.95,47.87,98.55,25.84,6.25,7.81,null,23.65,26.99,20.5,17.86,0,60,C,85,B
345,30481,2017-08-08 20:00:40,2017-08-08 21:00:03 ,76446.7,1324.2,0,0,10.9,24.4,87.5,.7,0,.1,0,81.6,6,1,0,0,0,0,0,0,0,0,3,8,39,99.71,100,99.86,93.21,99.98,42.31,99.33,25.01,6.11,8.15,null,30.03,41.11,25.77,26.37,0,60,C,84,B
346,30482,2017-08-08 21:00:03,2017-08-08 22:00:41 ,123635.8,1690,0,0,48.9,26.8,94,1.6,.2,.2,0,147.8,5.2,1.4,0,.1,0,0,0,0,0,0,3,34,30.6,99.45,99.98,99.57,87.95,99.96,47.95,98.63,14.87,13.94,50.9,null,28.32,21.7,29.53,29.03,0,60,C,79,B
347,30483,2017-08-08 22:00:41,2017-08-08 23:00:55 ,73700.8,1024.4,0,0,1153.5,23.1,34.6,2.4,.4,.3,0,49,4,2,0,.8,0,.02,0,.02,0,10,7,13,5.1,88.78,100,98.1,85.14,99.94,22.06,97.83,21.88,33.49,83.86,null,11.09,39.55,13.61,22.22,0,62,C,73,C
348,30484,2017-08-08 23:00:55,2017-08-09 00:00:33 ,21717.5,409.3,0,0,6.7,12.8,30.2,.6,.1,.1,0,26.5,3.8,1,0,0,0,0,0,0,0,1,3,27,43,99.84,100,99.25,87.13,99.99,40,99.01,40.1,9.16,1.93,null,20.23,53.94,16.86,40,0,58,C,84,B
349,30485,2017-08-09 00:00:33,2017-08-09 01:00:10 ,127735.1,1937.6,0,0,13.2,26.4,117.1,1.2,.2,.1,0,115.9,5,1,0,.1,0,0,0,0,0,0,4,12,32.7,99.67,100,99.55,87.25,99.97,43.85,98.93,18.56,6.99,2.77,null,42.82,51.47,31.24,19.05,0,60,C,82,B
350,30486,2017-08-09 01:00:10,2017-08-09 02:00:45 ,410977.2,4690.4,0,0,25.8,52.6,291.4,.6,.1,.1,0,287.6,7.5,1.1,0,.1,0,0,0,0,0,1,4,1,26.8,99.62,100,99.92,89.21,99.93,25.77,99.7,6.82,9.82,.53,null,45.83,47.69,34.3,24.61,0,60,C,86,B
351,30487,2017-08-09 02:00:45,2017-08-09 03:00:34 ,29257.6,429.4,0,0,7.1,14.6,31.2,.6,.1,.1,0,27.5,3.8,1,0,0,0,0,0,0,0,0,3,28,44.7,99.81,100,99.29,86.72,99.97,39.02,98.81,38.65,8.73,.16,null,20.16,42.2,21.93,25,0,58,C,83,B
352,30488,2017-08-09 03:00:34,2017-08-09 04:00:09 ,13511.4,324.6,0,0,7,11.8,21.2,.6,.1,.1,0,17.4,3.6,1,0,0,0,0,0,0,0,0,1,24,50.1,99.82,100,99.15,88.54,99.98,39.39,98.99,49.91,11.55,17.45,null,20.71,45.1,10.99,38.46,0,58,C,85,B
353,30489,2017-08-09 04:00:09,2017-08-09 05:00:49 ,14527.3,339.4,0,0,7.7,12,21,.6,.1,.1,0,16.8,3.7,1,0,0,0,0,0,0,0,0,0,25,53.5,99.57,100,99.32,90.98,99.98,28.42,99.36,49.01,11.05,22,null,16.88,5.26,10.24,45.45,0,58,C,86,B
354,30490,2017-08-09 05:00:49,2017-08-09 06:00:21 ,148248.7,2387.9,0,0,16,26.7,122.6,.5,0,.1,0,118.5,5.1,1,0,.1,0,0,0,0,0,0,3,14,31.4,99.62,100,99.9,90.56,99.99,35.4,99.45,15.49,7.51,.14,null,54.03,57.9,34.73,38.1,0,60,C,82,B
355,30491,2017-08-09 06:00:21,2017-08-09 07:00:04 ,14886.5,560.8,0,0,6.9,12.2,26.7,.9,.1,.1,0,21,3.7,1.2,0,0,0,0,0,0,0,0,1,29,54.1,99.93,100,99.43,94.21,99.99,43.18,99.15,43.92,12.17,46.76,null,18.5,22.06,9.48,40,0,58,C,86,B
356,30492,2017-08-09 07:00:04,2017-08-09 08:00:33 ,16071.9,581.9,0,0,7.5,12.4,22.8,.8,.1,.1,0,20.4,3.7,1,0,0,0,0,0,0,0,0,3,32,48,99.87,100,96.55,83.51,99.99,51.61,98.57,38.52,11.58,42.18,null,16.19,37.2,9.9,25,0,58,C,81,B
357,30493,2017-08-09 08:00:33,2017-08-09 09:00:13 ,93361.4,2454,0,0,12.7,24.9,326.5,.8,.1,.1,0,185.2,5.7,1.1,0,.1,0,0,0,0,0,0,3,9,45.7,99.77,100,99.54,91.57,99.98,55.76,98.02,24.96,7.34,5.62,null,22.2,38.95,28.04,24.62,0,60,C,85,B
358,30494,2017-08-09 09:00:13,2017-08-09 10:00:27 ,256809.6,4012.3,0,0,19.4,48.3,240.5,.7,0,.1,0,232,9.4,1.2,0,.1,0,0,0,0,0,1,5,3,26.1,99.69,100,99.87,93.76,99.95,30.89,99.7,7.7,7.55,1.02,null,37.34,48.93,34.55,29.97,0,60,C,85,B
359,30495,2017-08-09 10:00:27,2017-08-09 11:00:52 ,258044.1,3624.8,0,0,19.4,47.2,230.8,.7,0,.1,0,223.4,8.5,1.1,0,.1,0,0,0,0,0,1,5,3,24.4,99.66,100,99.9,93.11,99.92,32.5,99.67,7.83,8.57,1.71,null,39.91,47.51,33.09,35.42,0,60,C,85,B
360,30496,2017-08-09 11:00:52,2017-08-09 12:00:21 ,271008.8,3839.3,0,0,19.6,49.3,244.7,.8,0,.1,0,237,9.4,1.1,0,.1,0,0,0,0,0,1,5,3,25.2,99.68,100,99.92,94.07,99.92,27.66,99.68,7.85,8.06,1.52,null,38.84,48.15,32.74,25.23,0,60,C,85,B
361,30497,2017-08-09 12:00:21,2017-08-09 13:00:58 ,117139.4,1759.2,0,0,11.5,29.9,115.3,.7,0,.1,0,109.6,6.2,1.1,0,.1,0,0,0,0,0,0,4,8,33.5,99.72,100,99.86,92.58,99.92,35.64,99.51,17.19,7.03,1.19,null,33.81,47.19,31.01,29.49,0,60,C,84,B
362,30498,2017-08-09 13:00:58,2017-08-09 14:00:39 ,88802.2,1274.9,0,0,10.7,20.9,81.1,.6,0,.1,0,76.8,4.8,1,0,0,0,0,0,0,0,0,4,2,34,99.68,100,99.79,91.67,99.97,37.86,99.35,21.26,7.77,.26,null,39.21,50.1,28.79,22.55,0,60,C,84,B
363,30499,2017-08-09 14:00:39,2017-08-09 15:00:02 ,227120.8,3278.2,0,0,17.7,43.2,204,.7,0,.1,0,196.7,7.5,1,0,.1,0,0,0,0,0,1,4,2,27.8,99.68,100,99.91,93.1,99.95,36.27,99.67,10.11,8.35,.8,null,38.89,48.45,35.7,23.64,0,60,C,84,B
364,30500,2017-08-09 15:00:02,2017-08-09 16:00:33 ,258919.6,3744,0,0,21.8,48.1,243.6,.8,0,.1,0,234.4,9.3,1.1,0,.1,0,0,0,0,0,1,4,2,26.5,99.61,100,99.92,94.05,99.93,33.88,99.67,8.39,8.16,1.03,null,37.78,38.52,32.21,33.07,0,60,C,85,B
365,30501,2017-08-09 16:00:33,2017-08-09 17:00:08 ,302061.4,3740.8,0,0,22.2,52.9,262.3,.8,0,.1,0,254.7,9.2,1.1,0,.2,0,0,0,0,0,1,4,2,24.3,99.61,100,99.93,93.72,99.86,34.75,99.69,7.73,9.72,1.22,null,34.29,52.8,33.24,31.27,0,60,C,84,B
366,30502,2017-08-09 17:00:08,2017-08-09 18:00:27 ,186038.9,2498.8,0,0,17.1,40,178.1,.7,0,.1,0,170.7,8.1,1.1,0,.1,0,0,0,0,0,1,3,4,27.6,99.59,100,99.92,93.7,99.88,36.19,99.61,10.94,8.4,1.88,null,29.98,50.79,32.58,23.24,0,60,C,84,B
367,30503,2017-08-09 18:00:27,2017-08-09 19:01:02 ,102333.3,1678.8,0,0,13.1,29.5,118.8,1.1,.1,.1,0,109.7,6.9,1,0,.1,0,0,0,0,0,0,3,8,42,99.65,100,99.86,94.86,99.94,56.1,97.55,31.35,6.7,5.31,null,21.98,43.6,26.68,28.17,0,60,C,85,B
368,30504,2017-08-09 19:01:02,2017-08-09 20:00:42 ,56691.2,1027.3,0,0,12.8,21.9,67.7,.7,0,.1,0,61.9,5.5,1,0,0,0,0,0,0,0,0,1,13,45.3,99.41,100,99.81,92.99,99.96,55.13,96.51,28.15,6.61,5.23,null,18.81,42.92,19.88,11.43,0,60,C,86,B
369,30505,2017-08-09 20:00:42,2017-08-09 21:00:17 ,58235.5,953.2,0,0,10.2,20.9,65.5,.6,0,.1,0,60.2,5.1,1,0,0,0,0,0,0,0,0,2,14,41.6,99.64,100,99.79,92.93,99.94,44.9,99.24,30.38,5.78,9.39,null,24.83,48.74,21.9,35.29,0,58,C,84,B
370,30506,2017-08-09 21:00:17,2017-08-09 22:00:37 ,108641.3,1650.5,0,0,51.6,25.3,97.1,1.4,.2,.2,0,149.4,5.2,1.2,0,.1,0,0,0,0,0,0,3,11,32.2,99.5,99.98,99.48,82.67,99.93,48.55,98.57,13.7,13.17,28.32,null,28.24,39.17,32.91,57.65,0,60,C,81,B
371,30507,2017-08-09 22:00:37,2017-08-09 23:00:52 ,101820.8,3200.6,.3,0,916.2,27.4,40.7,2.8,.5,.3,0,49.9,4.4,1.6,0,1.5,.1,.03,0,.04,0,13,10,20,6.7,34.6,99.99,97.49,83.81,99.97,35.89,99.49,32.98,73.99,98.99,null,39.07,57.24,11.13,33.33,0,60,C,67,C
372,30508,2017-08-09 23:00:52,2017-08-10 00:00:30 ,23963.8,489.5,0,0,262.1,15.7,35.4,.7,.1,.1,0,38.2,4.1,1,0,.1,0,0,0,0,0,14,2,27,27.2,99.78,100,99.46,88.83,99.97,42.61,99.2,20.26,7.66,2.44,null,18.34,54.82,14.93,33.33,0,58,C,76,B
373,30509,2017-08-10 00:00:30,2017-08-10 01:01:01 ,114319.3,1718.2,0,0,13.7,25.8,112.2,1.2,.1,.1,0,110.4,5.3,1.1,0,.1,0,0,0,0,0,1,3,13,37,99.58,100,99.56,88.92,99.97,45.35,98.94,21.51,6.6,2.36,null,37.6,63.53,25.99,34.78,0,60,C,82,B
374,30510,2017-08-10 01:01:01,2017-08-10 02:00:33 ,299246.1,3284.4,0,0,23.4,41,204.4,.7,.1,.1,0,200.7,6.4,1.1,0,.1,0,0,0,0,0,1,3,2,31.4,99.51,100,99.87,88.13,99.96,41.14,99.32,10.61,9.45,.61,null,43.58,61.77,31.01,24.02,0,60,C,84,B
375,30511,2017-08-10 02:00:33,2017-08-10 03:00:13 ,18911.1,298.9,0,0,6.7,12.4,23.4,.6,.1,.1,0,19.9,3.7,1.3,0,0,0,0,0,0,0,0,2,23,48.6,99.87,100,99,85.76,99.98,49.19,97.61,45.59,12.54,.2,null,12.66,43.81,10.25,30.77,0,58,C,83,B
376,30512,2017-08-10 03:00:13,2017-08-10 04:00:54 ,15874.7,359.9,0,0,7,12.2,23.1,.6,.1,.1,0,19.3,3.7,1,0,0,0,0,0,0,0,0,2,30,48.7,99.75,100,99.25,89.22,99.99,53.81,97.34,46.81,10.42,11.98,null,23.66,68.82,12.39,57.14,0,58,C,83,B
377,30513,2017-08-10 04:00:54,2017-08-10 05:00:26 ,16962.1,426,0,0,8.6,12.5,22.8,.6,.1,.1,0,18.8,3.7,1,0,0,0,0,0,0,0,0,1,31,51.7,99.54,100,99.29,89.88,99.98,41.67,98.53,45.92,8.8,16.45,null,17.96,27.76,10.47,28.57,0,58,C,83,B
378,30514,2017-08-10 05:00:26,2017-08-10 06:01:00 ,93379.5,1579.4,0,0,13.4,17.9,83,.6,.1,.1,0,78.1,4.6,1.1,0,0,0,0,0,0,0,0,2,19,38,99.59,100,99.84,91.15,99.99,37,99.42,21.23,6.97,3.24,null,37.18,63.86,27.97,26.32,0,60,C,82,B
379,30515,2017-08-10 06:01:00,2017-08-10 07:00:44 ,77353.9,1315.4,0,0,11.3,22.2,74.6,.9,0,.1,0,68.4,4.4,1,0,0,0,0,0,0,0,0,2,24,39.7,99.65,100,99.83,94.55,99.98,35.64,99.38,24.55,6.38,.77,null,31.72,61.53,35.73,66.67,0,60,C,82,B
380,30516,2017-08-10 07:00:44,2017-08-10 08:00:33 ,17607.9,418.9,0,0,7.8,12.6,23.5,.8,.1,.1,0,21.3,3.7,1,0,0,0,0,0,0,0,0,1,20,50.5,99.73,100,96.83,83.09,99.99,47.06,98.49,43.01,8.94,27.95,null,21,54.52,10.06,17.65,0,58,C,85,B
381,30517,2017-08-10 08:00:33,2017-08-10 09:00:14 ,92324.1,2141.4,0,0,13.4,23.2,298.2,.8,.1,.1,0,170.5,5.4,1.1,0,.1,0,0,0,0,0,1,3,11,46.1,99.7,100,99.43,91.48,99.99,58.63,97.41,25.47,7.55,4.96,null,20.23,47.16,29.18,35.29,0,60,C,84,B
382,30518,2017-08-10 09:00:14,2017-08-10 10:00:48 ,251566.3,4248.7,0,0,23,45.8,272.4,.8,0,.1,0,237.5,8,1,0,.1,0,0,0,0,0,1,3,2,29,99.63,100,99.88,94.07,99.98,31.97,99.73,7.45,15.11,.88,null,32.77,61.42,33.02,29.55,0,60,C,84,B
383,30519,2017-08-10 10:00:48,2017-08-10 11:00:05 ,296995.9,4079.5,0,0,25.3,51.4,263.4,.7,.1,.1,0,255,8.9,1.1,0,.1,0,0,0,0,0,1,4,2,24.7,99.56,100,99.92,92.45,99.94,31.4,99.71,7.36,8.82,1.27,null,38.67,61.33,34.61,30.22,0,60,C,85,B
384,30520,2017-08-10 11:00:05,2017-08-10 12:00:36 ,389233.8,5200.4,0,0,29,63.2,334.9,.8,.1,.1,0,327.5,10.4,1.2,0,.2,0,0,0,0,0,1,4,2,23.9,99.59,100,99.93,93.23,99.92,30.37,99.74,6.04,9.32,1.03,null,40.96,45.58,35.68,32.17,0,60,C,85,B
385,30521,2017-08-10 12:00:36,2017-08-10 13:00:14 ,88433,1227.9,0,0,10.1,24.4,79.1,.6,0,.1,0,74.5,4.8,1.1,0,0,0,0,0,0,0,1,4,7,34.6,99.71,100,99.77,92.25,99.94,47.78,99.29,22.12,7.56,1.18,null,34.41,45.92,28.99,28.57,0,60,C,84,B
386,30522,2017-08-10 13:00:14,2017-08-10 14:00:45 ,53321.3,788.5,0,0,8.3,19,54.3,.7,0,.1,0,49.4,4.5,1,0,0,0,0,0,0,0,1,4,7,38.5,99.74,100,99.69,92.55,99.95,39.6,99.21,28.25,6.25,1.79,null,29.55,44.28,24.43,12.5,0,58,C,84,B
387,30523,2017-08-10 14:00:45,2017-08-10 15:00:02 ,256891.7,3702.6,0,0,19.8,45.5,224.1,.9,.1,.1,0,213.3,9.8,1.2,0,.1,0,0,0,0,0,1,5,1,26.3,99.7,100,99.91,94.61,99.91,30.6,99.67,8.28,7.39,95.65,null,35.95,95.65,36.37,16.17,0,60,C,86,B
388,30524,2017-08-10 15:00:02,2017-08-10 16:00:31 ,503835.7,6566,0,0,32.5,73.6,445.9,.8,0,.1,0,433.7,12.6,1.1,0,.2,.1,0,0,0,0,1,5,1,22.8,99.63,100,99.95,94.56,99.82,32.14,99.78,4.21,9.14,82.77,null,35.93,82.77,37.65,29.89,0,60,C,86,B
389,30525,2017-08-10 16:00:31,2017-08-10 17:00:53 ,500209.9,7214.8,.1,0,40.8,73.5,434.4,.8,0,.1,0,425.8,11.9,1.3,0,.3,.1,0,0,0,0,1,5,1,23.1,99.61,100,99.95,94.21,99.81,28.87,99.81,12.08,16.03,97.52,null,37.68,97.52,36.98,29.85,0,60,C,85,B
390,30526,2017-08-10 17:00:53,2017-08-10 18:00:28 ,287243,4332.7,0,0,21.6,56.8,267.9,.8,.1,.1,0,258.1,10.4,1.1,0,.1,0,0,0,0,0,1,5,3,26.2,99.7,100,99.93,92.72,99.86,29.23,99.72,7.37,7.94,94.87,null,35.42,94.87,35.18,31.89,0,60,C,84,B
391,30527,2017-08-10 18:00:28,2017-08-10 19:00:41 ,121615.1,1863.8,0,0,11.5,30.4,128.9,1,0,.1,0,121.6,6.8,1,0,.1,0,0,0,0,0,0,4,7,34.3,99.74,100,99.9,95.21,99.89,37.04,99.49,17.27,6.99,1.52,null,31.62,47.19,27.95,35,0,60,C,84,B
392,30528,2017-08-10 19:00:41,2017-08-10 20:00:19 ,67915.2,1028.2,0,0,10.9,20.5,63.1,.7,0,.1,0,58.7,4.3,1,0,0,0,0,0,0,0,0,3,9,39,99.61,100,99.8,92.97,99.91,54.97,96.06,24.94,6.83,7.86,null,30.4,32.25,27.15,20.75,0,60,C,84,B
393,30529,2017-08-10 20:00:19,2017-08-10 21:00:03 ,61995.8,943.6,0,0,10,19.2,58.3,.6,0,.1,0,54.2,4.3,1,0,0,0,0,0,0,0,0,3,10,38.1,99.66,100,99.78,92.05,99.91,39.09,99.19,27.48,6.98,9.82,null,36.5,45.26,27.91,24,0,58,C,84,B
394,30530,2017-08-10 21:00:03,2017-08-10 22:00:31 ,89188.5,1484.6,0,0,38.9,22.1,80,1.1,.2,.1,0,129.7,4.6,1.2,0,.1,0,0,0,0,0,0,4,11,33.3,99.6,99.96,99.62,83.75,99.96,52.77,98.54,16.09,11.33,29.48,null,34.2,33.11,31.09,60,0,60,C,81,B
395,30531,2017-08-10 22:00:31,2017-08-10 23:00:52 ,99980.3,1133,0,0,861.4,24.9,30,3,.4,.3,0,43,4,1.8,0,1.3,0,.03,0,.04,0,14,9,26,3.5,88.25,99.99,97.34,85.1,99.92,11.77,91.99,24.47,36.4,84.49,null,6.09,34.73,13.69,100,0,60,C,67,C
396,30532,2017-08-10 23:00:52,2017-08-11 00:00:30 ,19769.8,381,0,0,318.6,13.8,28.1,.7,.1,.1,0,31.5,3.7,1,0,.1,0,0,0,0,0,21,3,31,24,99.86,100,99.36,89.03,99.93,43,99.26,18.31,9.83,1.88,null,17.86,41.6,15.7,57.14,0,58,C,74,C
397,30533,2017-08-11 00:00:30,2017-08-11 01:00:11 ,154745.4,2384.3,0,0,15.1,29.4,140.2,1.2,.2,.1,0,139,5.4,1,0,.1,0,0,0,0,0,0,4,12,33.1,99.66,100,99.61,87.42,99.98,41.72,99.19,16.8,7.11,2.08,null,46.52,53.24,33.23,50,0,60,C,82,B
398,30534,2017-08-11 01:00:11,2017-08-11 02:00:49 ,426214.6,5045,0,0,26.5,55.3,298.5,.6,.1,.1,0,295,7.6,1.1,0,.1,0,0,0,0,0,1,4,1,29,99.63,100,99.91,87.92,99.97,27.45,99.71,7.68,9.49,.51,null,48,50.08,33.52,29.11,0,60,C,86,B
399,30535,2017-08-11 02:00:49,2017-08-11 03:00:32 ,25832.2,414.7,0,0,7.1,13.6,28.3,.7,.1,.1,0,24.8,3.7,1,0,0,0,0,0,0,0,0,2,20,47,99.83,100,99.23,87.14,99.98,39.53,98.71,42.18,9.04,.19,null,22.81,51.25,14.48,40,0,58,C,83,B
400,30536,2017-08-11 03:00:32,2017-08-11 04:00:12 ,16756.7,341.8,0,0,6.9,12.5,23.9,.6,.1,.1,0,20,3.7,1,0,0,0,0,0,0,0,0,2,29,48.8,99.84,100,99.32,89.98,99.98,47.01,98.61,46.94,10.97,17.78,null,18.95,42.68,13.41,37.5,0,58,C,83,B
401,30537,2017-08-11 04:00:12,2017-08-11 05:00:50 ,18292.9,386,0,0,8,12.8,24.1,.6,0,.1,0,20,3.7,1,0,0,0,0,0,0,0,0,1,26,51.4,99.59,100,99.45,92.03,99.99,56.57,95.13,43.53,9.71,19.8,null,14.86,10.02,11.67,30.77,0,58,C,86,B
402,30538,2017-08-11 05:00:50,2017-08-11 06:00:28 ,17260.7,361.2,0,0,7,12.3,23.2,.5,.1,.1,0,19.2,3.6,1,0,0,0,0,0,0,0,0,2,36,50.9,99.85,100,99.32,89.37,99.99,50,98.84,48.66,10.38,.15,null,24.71,66.5,12.2,25,0,58,C,81,B
403,30539,2017-08-11 06:00:28,2017-08-11 07:00:17 ,18959.3,648.5,0,0,7.3,13.3,31.8,.9,.1,.1,0,25.6,3.8,1,0,0,0,0,0,0,0,0,2,27,52.3,99.88,100,99.53,94.41,99.99,39.42,99.13,40.79,10.51,26.24,null,16.06,40.09,12.05,45.45,0,58,C,83,B
404,30540,2017-08-11 07:00:17,2017-08-11 08:00:37 ,48526.8,1097.1,0,0,9.1,18.5,58.4,1,.1,.1,0,54.9,5,1,0,0,0,0,0,0,0,0,3,17,43.2,99.81,100,97.69,86.32,99.98,46.71,98.8,27.11,6.16,14.35,null,21.14,41.61,21.8,31.58,0,60,C,83,B
405,30541,2017-08-11 08:00:37,2017-08-11 09:00:02 ,169275.3,4061,.1,0,22.4,37.9,194.6,.9,.1,.1,0,175.1,8.5,1.1,0,.1,0,0,0,0,0,1,5,5,28.8,99.75,100,99.79,94.29,99.98,34.29,99.72,25.55,30.69,99.15,null,33.17,99.15,31.35,35.59,0,60,C,84,B
406,30542,2017-08-11 09:00:02,2017-08-11 10:00:22 ,248692.2,5703.5,.1,0,23.7,46.7,575.2,.8,.1,.1,0,362.6,8.6,1.1,0,.2,.1,0,0,0,0,1,5,3,31.7,99.77,100,99.93,92.72,99.98,34.11,99.78,12.07,11.47,97.94,null,29.58,97.94,32.24,29.33,0,60,C,84,B
407,30543,2017-08-11 10:00:22,2017-08-11 11:00:42 ,386627.9,6898.1,.1,0,34.7,62.7,363.4,1.3,.1,.1,0,339.7,10.2,1.1,0,.2,.1,0,0,0,0,1,5,2,23.6,99.67,100,99.93,95.74,99.97,26.11,99.78,13.83,12.45,97.27,null,37.88,97.27,35.8,36.33,0,60,C,84,B
